Unnamed: 0,CPUname,Type,Release Date,Process Size (nm),TDP (W),Die Size (mm^2),Transistors (million),Freq (MHz),Foundry,Vendor,FP16 GFLOPS,FP32 GFLOPS,FP64 GFLOPS,price,cpuMark,cpuValue,threadMark,threadValue,TDP,powerPerf,cores,testDate,socket,category
0,AMD Athlon 64 3500+,CPU,2007-02-20,65.0,45.0,77.0,122.0,2200.0,Unknown,AMD,,,,79.95,396,4.95,568,7.1,45.0,8.8,1,2008,AM2,Unknown
1,AMD Athlon 200GE,CPU,2018-09-06,14.0,35.0,192.0,4800.0,3200.0,Unknown,AMD,,,,123.89,4135,33.38,1817,14.67,35.0,118.15,2,2018,AM4,Desktop
10,AMD Sempron 2800+,CPU,2004-08-01,130.0,62.0,80.0,37.0,1992.0,Unknown,AMD,,,,29.95,243,8.11,408,13.63,62.0,3.92,1,2008,AM2,Desktop
24,AMD Athlon 64 3500+,CPU,2001-01-01,90.0,67.0,115.0,105.0,2200.0,Unknown,AMD,,,,79.95,396,4.95,568,7.1,45.0,8.8,1,2008,AM2,Unknown
27,AMD EPYC 7371,CPU,2018-11-16,14.0,170.0,213.0,4800.0,3100.0,GF,AMD,,,,1808.99,31094,17.19,2377,1.31,,,16,2019,SP3,Server
30,AMD Sempron 140,CPU,2009-07-22,45.0,45.0,117.0,234.0,2700.0,Unknown,AMD,,,,11.95,471,39.42,1044,87.38,45.0,10.47,1,2009,AM3,Desktop
31,AMD EPYC 7501,CPU,2017-06-29,14.0,170.0,213.0,4800.0,2000.0,GF,AMD,,,,3616.0,24925,6.89,1925,0.53,155.0,160.81,32,2017,SP3,Server
48,AMD Ryzen 5 1400,CPU,2017-04-11,14.0,65.0,192.0,4800.0,3200.0,GF,AMD,,,,109.65,7783,70.98,1904,17.36,65.0,119.74,4,2017,AM4,Desktop
59,AMD Athlon II X4 640,CPU,2010-05-11,45.0,95.0,169.0,300.0,3000.0,Unknown,AMD,,,,19.99,2171,108.6,1203,60.19,95.0,22.85,4,2010,AM3,Desktop
61,AMD EPYC 7302,CPU,2019-08-07,7.0,155.0,74.0,3800.0,3000.0,TSMC,AMD,,,,1115.12,33015,29.61,1978,1.77,155.0,213,16,2020,SP3,Server
64,AMD Ryzen 9 5900HX,CPU,2021-01-12,7.0,45.0,156.0,9800.0,3300.0,TSMC,AMD,,,,,23160,,3230,,45.0,514.67,8,2021,FP6,Laptop
65,AMD EPYC 7502,CPU,2019-08-07,7.0,180.0,74.0,3800.0,2500.0,TSMC,AMD,,,,2750.0,49177,17.88,1843,0.67,180.0,273.21,32,2020,SP3,Server
66,AMD Athlon 64 4000+,CPU,2007-02-20,90.0,62.0,230.0,227.0,2600.0,Unknown,AMD,,,,99.95,340,3.4,565,5.65,62.0,5.49,1,2008,AM2,Unknown
77,AMD Athlon 64 3500+,CPU,2005-05-31,90.0,67.0,156.0,154.0,2200.0,Unknown,AMD,,,,79.95,396,4.95,568,7.1,45.0,8.8,1,2008,AM2,Unknown
78,AMD Ryzen 9 5950X,CPU,2020-11-05,7.0,105.0,,,3400.0,TSMC,AMD,,,,649.74,46195,71.1,3498,5.38,105.0,439.96,16,2020,AM4,Desktop
81,AMD EPYC 7763,CPU,2021-03-15,7.0,280.0,,,2450.0,TSMC,AMD,,,,7299.99,88338,12.1,2635,0.36,280.0,315.49,64,2021,SP3,Server
83,AMD Ryzen Threadripper PRO 3955WX,CPU,2020-07-14,7.0,280.0,74.0,3800.0,3900.0,TSMC,AMD,,,,1995.0,40225,20.16,2696,1.35,280.0,143.66,16,2020,sWRX8,Desktop
88,AMD Ryzen 7 3750H,CPU,2019-01-06,12.0,35.0,210.0,4940.0,2300.0,GF,AMD,,,,,8277,,2104,,35.0,236.48,4,2019,FP5,Laptop
90,AMD Ryzen 5 5500U,CPU,2021-01-12,7.0,25.0,156.0,9800.0,2100.0,TSMC,AMD,,,,,13190,,2459,,15.0,879.33,6,2021,FP6,Laptop
100,AMD Athlon XP 2600+,CPU,2002-10-01,130.0,68.0,80.0,37.0,2133.0,Unknown,AMD,,,,23.03,242,10.52,380,16.49,,,1,2008,unknown,Unknown
101,AMD Athlon 64 3000+,CPU,2003-12-15,130.0,89.0,193.0,69.0,2000.0,Unknown,AMD,,,,20.0,303,15.13,506,25.31,89.0,3.4,1,2008,Socket 754,Desktop
107,AMD Athlon Gold 3150G,CPU,2020-07-21,12.0,65.0,,,3500.0,GF,AMD,,,,,7002,,2308,,65.0,107.72,4,2022,AM4,Desktop
110,AMD Athlon 64 3500+,CPU,2007-02-20,90.0,62.0,230.0,227.0,2200.0,Unknown,AMD,,,,79.95,396,4.95,568,7.1,45.0,8.8,1,2008,AM2,Unknown
120,AMD Athlon XP 1900+,CPU,2001-11-05,180.0,68.0,150.0,37.0,1600.0,Unknown,AMD,,,,45.8,203,4.44,312,6.81,,,1,2009,unknown,Unknown
122,AMD Athlon 64 3000+,CPU,2005-04-14,130.0,62.0,,105.0,1800.0,Unknown,AMD,,,,20.0,303,15.13,506,25.31,89.0,3.4,1,2008,Socket 754,Desktop
124,AMD Phenom X3 8550,CPU,2008-04-23,65.0,95.0,285.0,450.0,2200.0,Unknown,AMD,,,,29.95,976,32.59,810,27.06,95.0,10.27,3,2009,AM2/AM2+,Desktop
127,AMD Athlon XP 2200+,CPU,2002-06-10,130.0,68.0,80.0,37.0,1800.0,Unknown,AMD,,,,84.95,214,2.52,335,3.94,,,1,2009,unknown,Unknown
128,AMD Athlon Silver PRO 3125GE,CPU,2020-07-21,12.0,35.0,,,3400.0,GF,AMD,,,,,4633,,2074,,35.0,132.37,2,2020,AM4,Desktop
132,AMD Ryzen 5 4600U,CPU,2020-01-06,7.0,25.0,156.0,9800.0,2100.0,TSMC,AMD,,,,,13460,,2418,,15.0,897.36,6,2020,FP6,Laptop
133,AMD Ryzen Threadripper 2970WX,CPU,2018-10-02,12.0,250.0,213.0,19200.0,3000.0,GF,AMD,,,,669.0,30433,45.49,2358,3.52,250.0,121.73,24,2018,sTR4,Desktop
140,AMD Sempron 3300+,CPU,2005-07-15,90.0,62.0,,69.0,2000.0,Unknown,AMD,,,,20.0,315,15.74,394,19.68,62.0,5.08,1,2008,754,Desktop
141,AMD Ryzen 5 PRO 2600,CPU,2018-09-19,12.0,65.0,192.0,4800.0,3400.0,GF,AMD,,,,,13250,,2263,,65.0,203.84,6,2018,AM4,Desktop
154,AMD Sempron LE-1300,CPU,2007-10-08,65.0,45.0,,,2300.0,Unknown,AMD,,,,27.0,400,14.81,389,14.42,45.0,8.89,1,2009,AM2,Desktop
161,AMD A10-9700E,CPU,2017-07-27,28.0,35.0,246.0,1178.0,3000.0,Unknown,AMD,,,,92.99,2947,31.7,1413,15.2,35.0,84.21,4,2017,AM4,Desktop
165,AMD Opteron 6274,CPU,2011-11-14,32.0,115.0,316.0,2400.0,2200.0,Unknown,AMD,,,,885.95,5286,5.97,849,0.96,115.0,45.97,8,2012,G34,Server
166,AMD Ryzen 7 1800X,CPU,2017-03-02,14.0,95.0,192.0,4800.0,3600.0,GF,AMD,,,,178.03,16306,91.59,2186,12.28,95.0,171.64,8,2017,AM4,Desktop
168,AMD Ryzen 3 3200U,CPU,2019-01-06,12.0,15.0,210.0,4940.0,2600.0,GF,AMD,,,,,3885,,1826,,15.0,259.03,2,2019,FP5,Laptop
172,AMD Ryzen 7 2700X,CPU,2018-04-19,12.0,105.0,192.0,4800.0,3700.0,GF,AMD,,,,212.98,17578,82.54,2436,11.44,105.0,167.41,8,2018,AM4,Desktop
173,AMD Ryzen Embedded V1807B,CPU,2018-02-21,14.0,45.0,210.0,4950.0,3350.0,GF,AMD,,,,,8488,,2190,,45.0,188.62,4,2018,FP5,"Laptop, Mobile/Embedded"
174,AMD Athlon II X3 415e,CPU,2010-05-11,45.0,45.0,169.0,300.0,2500.0,Unknown,AMD,,,,75.0,1441,19.21,1028,13.71,45.0,32.02,3,2010,AM3,Desktop
178,AMD Opteron 6386 SE,CPU,2012-11-05,32.0,140.0,315.0,2400.0,2800.0,Unknown,AMD,,,,135.09,8320,61.59,1340,9.92,140.0,59.43,16,2014,Socket G34,Server
187,AMD Opteron 144,CPU,2005-08-02,90.0,67.0,,106.0,1800.0,Unknown,AMD,,,,29.95,316,10.55,376,12.56,67.0,4.72,1,2008,939,Server
195,AMD Phenom II X4 910,CPU,2009-02-09,45.0,95.0,258.0,758.0,2600.0,Unknown,AMD,,,,100.0,1776,17.76,988,9.88,95.0,18.7,4,2009,AM3,Desktop
196,AMD EPYC 73F3,CPU,2021-03-15,7.0,240.0,,,3500.0,TSMC,AMD,,,,5992.0,46085,7.69,2878,0.48,240.0,192.02,16,2021,SP3,Server
197,AMD Sempron 2500+,CPU,2004-07-28,130.0,62.0,80.0,37.0,1750.0,Unknown,AMD,,,,59.95,207,3.45,405,6.75,,,1,2009,Socket A,Desktop
199,AMD EPYC 7601,CPU,2017-06-29,14.0,180.0,213.0,4800.0,2200.0,GF,AMD,,,,899.95,42244,46.94,1941,2.16,180.0,234.69,32,2017,SP3,Server
203,AMD Ryzen 3 3100,CPU,2020-04-24,7.0,65.0,74.0,3800.0,3600.0,TSMC,AMD,,,,137.95,11660,84.52,2427,17.59,65.0,179.38,4,2020,AM4,Desktop
221,AMD Athlon II X4 610e,CPU,2010-05-11,45.0,45.0,169.0,300.0,2400.0,Unknown,AMD,,,,17.9,1871,104.55,999,55.81,45.0,41.59,4,2010,AM3,Desktop
224,AMD Sempron 2800+,CPU,2006-05-23,90.0,62.0,103.0,81.0,1600.0,Unknown,AMD,,,,29.95,243,8.11,408,13.63,62.0,3.92,1,2008,AM2,Desktop
227,AMD EPYC 7443P,CPU,2021-03-15,7.0,200.0,,,2850.0,TSMC,AMD,,,,1499.99,57666,38.44,2965,1.98,200.0,288.33,24,2021,SP3,Server
232,AMD Athlon XP 2600+,CPU,2003-09-01,130.0,68.0,,63.0,2083.0,Unknown,AMD,,,,23.03,242,10.52,380,16.49,,,1,2008,unknown,Unknown
234,AMD Ryzen Threadripper 1900X,CPU,2017-08-31,14.0,125.0,213.0,9600.0,3800.0,GF,AMD,,,,249.99,16955,67.82,2343,9.37,180.0,94.19,8,2017,sTR4,Desktop
239,AMD Opteron 6282 SE,CPU,2011-11-14,32.0,140.0,316.0,2400.0,2600.0,Unknown,AMD,,,,223.39,6385,28.58,953,4.27,140.0,45.61,16,2013,unknown,Server
245,AMD Opteron 152,CPU,2005-08-02,90.0,104.0,,106.0,2600.0,Unknown,AMD,,,,,428,,487,,104.0,4.12,1,2009,939,Server
246,AMD Sempron 3400+,CPU,2006-01-23,90.0,62.0,,69.0,2000.0,Unknown,AMD,,,,86.68,292,3.37,346,3.99,62.0,4.71,1,2008,AM2,Desktop
249,AMD Sempron 2600+,CPU,2004-07-28,90.0,62.0,,63.0,1600.0,Unknown,AMD,,,,34.95,253,7.23,325,9.31,,,1,2008,Socket A,Desktop
251,AMD Athlon Gold PRO 3150GE,CPU,2020-07-21,12.0,35.0,,,3500.0,GF,AMD,,,,,7093,,2164,,35.0,202.64,4,2020,AM4,Desktop
256,AMD Phenom II X4 830,CPU,2009-09-01,45.0,95.0,258.0,758.0,2800.0,Unknown,AMD,,,,19.01,2022,106.38,1083,56.96,95.0,21.29,4,2010,AM2+/AM3,Unknown
257,AMD Athlon II X2 250,CPU,2009-06-02,45.0,65.0,117.0,410.0,3000.0,Unknown,AMD,,,,38.95,1083,27.8,1155,29.66,65.0,16.66,2,2009,AM3,Desktop
262,AMD Athlon II X4 635,CPU,2010-01-25,45.0,95.0,169.0,300.0,2900.0,Unknown,AMD,,,,19.97,2108,105.55,1141,57.12,95.0,22.19,4,2010,AM3,Desktop
267,AMD A12-9800E,CPU,2017-07-27,28.0,35.0,246.0,1178.0,3100.0,Unknown,AMD,,,,371.05,3447,9.29,1604,4.32,35.0,98.49,4,2017,AM4,Desktop
275,AMD Ryzen 7 1700X,CPU,2017-03-02,14.0,95.0,192.0,4800.0,3400.0,GF,AMD,,,,168.06,15496,92.21,2074,12.34,95.0,163.12,8,2017,AM4,Desktop
277,AMD Ryzen Embedded V1605B,CPU,2018-02-21,14.0,15.0,210.0,4950.0,2000.0,GF,AMD,,,,,6822,,1961,,15.0,454.81,4,2018,FP5,"Laptop, Mobile/Embedded"
281,AMD Sempron 2800+,CPU,2004-07-28,90.0,25.0,,63.0,1600.0,Unknown,AMD,,,,29.95,243,8.11,408,13.63,62.0,3.92,1,2008,AM2,Desktop
285,AMD Athlon 64 3800+,CPU,2004-06-01,130.0,89.0,144.0,69.0,2400.0,Unknown,AMD,,,,131.01,292,2.23,461,3.52,45.0,6.5,1,2009,AM2,Unknown
287,AMD Opteron 144,CPU,2005-08-02,90.0,67.0,,106.0,1800.0,Unknown,AMD,,,,29.95,316,10.55,376,12.56,67.0,4.72,1,2008,939,Server
290,AMD Phenom II X2 B57,CPU,2010-05-11,45.0,80.0,258.0,758.0,3200.0,Unknown,AMD,,,,,1099,,1231,,80.0,13.73,2,2010,unknown,Unknown
293,AMD EPYC 7402,CPU,2019-08-07,7.0,180.0,74.0,3800.0,2800.0,TSMC,AMD,,,,1962.0,51368,26.18,2081,1.06,180.0,285.38,24,2020,SP3,Server
299,AMD Athlon 64 3700+,CPU,2005-04-14,130.0,83.0,,105.0,2400.0,Unknown,AMD,,,,89.95,394,4.38,435,4.83,89.0,4.42,1,2008,939,Desktop
301,AMD Sempron 3800+,CPU,2006-10-23,90.0,62.0,103.0,81.0,2200.0,Unknown,AMD,,,,14.99,360,24.03,422,28.17,62.0,5.81,1,2008,AM2,Desktop
309,AMD Opteron 4386,CPU,2012-12-04,32.0,95.0,315.0,1200.0,3100.0,Unknown,AMD,,,,239.7,4378,18.26,1012,4.22,95.0,46.08,4,2014,C32,Server
312,AMD Phenom II X4 920,CPU,2009-01-08,45.0,125.0,258.0,758.0,2800.0,Unknown,AMD,,,,27.89,1899,68.1,1068,38.31,125.0,15.2,4,2009,AM2+,Desktop
314,AMD Sempron 2500+,CPU,2005-07-07,90.0,62.0,84.0,63.0,1400.0,Unknown,AMD,,,,59.95,207,3.45,405,6.75,,,1,2009,Socket A,Desktop
316,AMD Sempron 3500+,CPU,2005-10-01,90.0,62.0,84.0,63.0,2000.0,Unknown,AMD,,,,24.99,232,9.28,264,10.56,62.0,3.74,1,2009,AM2,Desktop
327,AMD Ryzen 5 2600X,CPU,2018-04-19,12.0,95.0,192.0,4800.0,3600.0,GF,AMD,,,,154.39,14053,91.02,2406,15.58,95.0,147.92,6,2018,AM4,Desktop
330,AMD Ryzen 7 4700U,CPU,2020-01-06,7.0,25.0,156.0,9800.0,1800.0,TSMC,AMD,,,,,13648,,2553,,15.0,909.83,8,2020,FP6,Laptop
336,AMD Ryzen 5 1500X,CPU,2017-04-11,14.0,65.0,192.0,4800.0,3500.0,GF,AMD,,,,120.36,9083,75.47,2110,17.53,65.0,139.75,4,2017,AM4,Desktop
347,AMD Opteron 6376,CPU,2012-11-05,32.0,115.0,315.0,2400.0,2300.0,Unknown,AMD,,,,2055.0,5572,2.71,1165,0.57,115.0,48.45,8,2013,Socket G34,Server
356,AMD Sempron 2800+,CPU,2005-07-15,90.0,25.0,,69.0,1600.0,Unknown,AMD,,,,29.95,243,8.11,408,13.63,62.0,3.92,1,2008,AM2,Desktop
362,AMD Athlon II X2 250e,CPU,2010-09-21,45.0,45.0,117.0,410.0,3000.0,Unknown,AMD,,,,76.73,1155,15.05,1201,15.65,45.0,25.67,2,2011,AM3,Desktop
366,AMD EPYC 7232P,CPU,2019-08-07,7.0,120.0,74.0,3800.0,3100.0,TSMC,AMD,,,,390.27,17017,43.6,1549,3.97,120.0,141.81,8,2020,SP3,Server
368,AMD Athlon II X2 220,CPU,2010-09-21,45.0,65.0,117.0,410.0,2800.0,Unknown,AMD,,,,59.95,1024,17.07,1105,18.43,65.0,15.75,2,2010,AM3,Desktop
369,AMD Opteron 4334,CPU,2012-12-04,32.0,95.0,315.0,1200.0,3100.0,Unknown,AMD,,,,129.95,3949,30.39,1269,9.76,95.0,41.57,3,2016,Socket C32,Server
382,AMD EPYC 7742,CPU,2019-08-07,7.0,225.0,74.0,3800.0,2250.0,TSMC,AMD,,,,5045.99,68749,13.62,2145,0.43,225.0,305.55,64,2019,SP3,Server
386,AMD Sempron LE-1150,CPU,2007-08-01,65.0,45.0,,,2000.0,Unknown,AMD,,,,14.94,251,16.82,477,31.92,45.0,5.59,1,2009,AM2,Desktop
390,AMD Sempron 130,CPU,2011-08-01,45.0,45.0,117.0,234.0,2600.0,Unknown,AMD,,,,30.0,501,16.69,1064,35.47,45.0,11.13,1,2012,AM2+/AM3,Unknown
392,AMD Sempron 3100+,CPU,2005-05-03,90.0,62.0,,63.0,1800.0,Unknown,AMD,,,,65.0,298,4.58,383,5.89,62.0,4.8,1,2009,754,Desktop
394,AMD Sempron 2300+,CPU,2004-07-28,130.0,62.0,80.0,37.0,1583.0,Unknown,AMD,,,,45.0,207,4.6,314,6.98,,,1,2009,Socket A,Desktop
402,AMD Athlon 64 3800+,CPU,2006-05-23,90.0,62.0,183.0,154.0,2400.0,Unknown,AMD,,,,131.01,292,2.23,461,3.52,45.0,6.5,1,2009,AM2,Unknown
406,AMD Athlon XP 2200+,CPU,2003-09-01,130.0,63.0,,63.0,1800.0,Unknown,AMD,,,,84.95,214,2.52,335,3.94,,,1,2009,unknown,Unknown
422,AMD Phenom II X3 B75,CPU,2009-10-01,45.0,95.0,258.0,758.0,3000.0,Unknown,AMD,,,,49.95,1560,31.23,1161,23.23,95.0,16.42,3,2009,AM3,Desktop
423,AMD Athlon 64 3000+,CPU,2004-04-27,130.0,89.0,144.0,69.0,1800.0,Unknown,AMD,,,,20.0,303,15.13,506,25.31,89.0,3.4,1,2008,Socket 754,Desktop
424,AMD Athlon 64 3200+,CPU,2001-01-01,130.0,89.0,193.0,105.0,2200.0,Unknown,AMD,,,,149.95,340,2.27,568,3.79,62.0,5.48,1,2008,AM2,Unknown
429,AMD Athlon II X3 455,CPU,2010-12-07,45.0,95.0,169.0,300.0,3300.0,Unknown,AMD,,,,39.99,1832,45.82,1343,33.59,95.0,19.29,3,2010,AM3,Desktop
431,AMD Ryzen 7 2700,CPU,2018-04-19,12.0,65.0,192.0,4800.0,3200.0,GF,AMD,,,,254.2,15654,61.58,2197,8.64,65.0,240.82,8,2018,AM4,Desktop
435,AMD Sempron 150,CPU,2010-12-07,45.0,45.0,117.0,234.0,2900.0,Unknown,AMD,,,,14.95,498,33.32,1079,72.16,45.0,11.07,1,2011,AM3,Desktop
446,AMD C-50,CPU,2011-01-04,40.0,9.0,75.0,,1000.0,Unknown,AMD,,,,,260,,315,,9.0,28.93,2,2011,FT1,Laptop
447,AMD Athlon 64 FX-74,CPU,2006-11-30,90.0,125.0,235.0,227.0,3000.0,Unknown,AMD,,,,499.5,972,1.95,617,1.24,125.0,7.78,2,2009,F (1207),Desktop
452,AMD Phenom II X3 B73,CPU,2009-10-01,45.0,95.0,258.0,758.0,2800.0,Unknown,AMD,,,,75.0,1538,20.5,1056,14.08,95.0,16.19,3,2010,AM3,Desktop
453,AMD Ryzen 3 1300X,CPU,2017-07-27,14.0,65.0,192.0,4800.0,3400.0,GF,AMD,,,,115.0,6925,60.22,2096,18.23,65.0,106.54,4,2017,AM4,Desktop
459,AMD Ryzen 5 PRO 3500U,CPU,2019-04-08,12.0,15.0,210.0,4940.0,2100.0,GF,AMD,,,,,6968,,1964,,15.0,464.55,4,2019,FP5,Laptop
462,AMD Athlon XP 2400+,CPU,2002-08-21,130.0,68.0,80.0,63.0,2000.0,Unknown,AMD,,,,79.99,234,2.93,375,4.69,,,1,2009,unknown,Unknown
464,AMD EPYC 7401P,CPU,2017-06-29,14.0,170.0,213.0,4800.0,2000.0,GF,AMD,,,,249.99,28271,113.09,1689,6.76,155.0,182.4,24,2017,SP3,Server
471,AMD Phenom II X3 705e,CPU,2009-06-02,45.0,65.0,258.0,758.0,2500.0,Unknown,AMD,,,,152.34,1222,8.02,962,6.31,65.0,18.81,3,2009,AM3,Desktop
473,AMD Athlon XP 3000+,CPU,2001-01-01,130.0,68.0,101.0,63.0,2100.0,Unknown,AMD,,,,79.7,262,3.29,396,4.97,62.0,4.22,1,2009,Socket A,Desktop
474,AMD Phenom II X3 700e,CPU,2009-06-02,45.0,65.0,258.0,758.0,2400.0,Unknown,AMD,,,,,1430,,969,,65.0,21.99,3,2010,AM3,Desktop
476,AMD Sempron 3000+,CPU,2001-01-01,130.0,25.0,144.0,69.0,1800.0,Unknown,AMD,,,,34.95,268,7.66,333,9.53,62.0,4.32,1,2008,AM2,Desktop
484,AMD Ryzen 5 3400G,CPU,2019-07-07,12.0,65.0,210.0,4940.0,3700.0,GF,AMD,,,,228.0,9331,40.93,2360,10.35,65.0,143.56,4,2019,AM4,Desktop
487,AMD Ryzen 3 PRO 4350GE,CPU,2020-07-21,7.0,35.0,,,3500.0,TSMC,AMD,,,,,11270,,2567,,35.0,322.01,4,2020,AM4,Desktop
489,AMD EPYC 7272,CPU,2019-08-07,7.0,120.0,74.0,3800.0,2600.0,TSMC,AMD,,,,605.45,26446,43.68,2013,3.32,120.0,220.38,12,2020,SP3,Server
493,AMD Athlon 64 2800+,CPU,2004-04-27,130.0,89.0,144.0,69.0,1800.0,Unknown,AMD,,,,99.99,295,2.95,375,3.75,89.0,3.32,1,2009,754,Unknown
498,AMD Ryzen 5 5600G,CPU,2021-04-13,7.0,65.0,,,3900.0,TSMC,AMD,,,,179.97,19830,110.19,3187,17.71,65.0,305.08,6,2021,AM4,Desktop
502,AMD Ryzen Threadripper 1920X,CPU,2017-08-10,14.0,180.0,213.0,9600.0,3500.0,GF,AMD,,,,299.99,22903,76.35,2300,7.67,180.0,127.24,12,2017,sTR4,Desktop
506,AMD EPYC 7551P,CPU,2017-06-29,14.0,180.0,213.0,4800.0,2000.0,GF,AMD,,,,369.99,30313,81.93,1719,4.65,180.0,168.4,32,2018,SP3,Server
509,AMD Ryzen 7 4700GE,CPU,2020-07-21,7.0,35.0,,,3100.0,TSMC,AMD,,,,,20392,,2727,,35.0,582.62,8,2020,AM4,Desktop
511,AMD EPYC 7451,CPU,2017-06-29,14.0,180.0,213.0,4800.0,2300.0,GF,AMD,,,,2015.12,20471,10.16,1975,0.98,180.0,113.73,24,2018,SP3,Server
513,AMD Ryzen 7 PRO 3700U,CPU,2019-04-08,12.0,15.0,210.0,4940.0,2300.0,GF,AMD,,,,,7310,,2009,,15.0,487.33,4,2019,FP5,Laptop
518,AMD Athlon II X2 260,CPU,2010-05-11,45.0,65.0,117.0,410.0,3200.0,Unknown,AMD,,,,39.99,1113,27.83,1249,31.24,65.0,17.12,2,2010,AM3,Desktop
527,AMD Opteron 3380,CPU,2012-12-04,32.0,65.0,315.0,1200.0,2600.0,Unknown,AMD,,,,809.0,4134,5.11,1107,1.37,65.0,63.6,8,2013,unknown,Server
536,AMD Athlon II X3 440,CPU,2010-01-25,45.0,95.0,169.0,300.0,3000.0,Unknown,AMD,,,,14.76,1718,116.42,1220,82.65,95.0,18.09,3,2010,AM3,Desktop
539,AMD Ryzen 3 PRO 1300,CPU,2017-06-29,14.0,65.0,192.0,4800.0,3200.0,GF,AMD,,,,,7717,,2229,,65.0,118.73,4,2017,AM4,Desktop
541,AMD Sempron 3100+,CPU,2005-01-01,90.0,25.0,,63.0,1800.0,Unknown,AMD,,,,65.0,298,4.58,383,5.89,62.0,4.8,1,2009,754,Desktop
545,AMD Sempron 2600+,CPU,2001-01-01,130.0,62.0,101.0,63.0,1833.0,Unknown,AMD,,,,34.95,253,7.23,325,9.31,,,1,2008,Socket A,Desktop
548,AMD Ryzen 5 PRO 2500U,CPU,2019-01-08,14.0,15.0,246.0,,2000.0,GF,AMD,,,,,6921,,1829,,15.0,461.43,4,2018,FP5,Laptop
551,AMD EPYC 7301,CPU,2017-06-29,14.0,170.0,213.0,4800.0,2200.0,GF,AMD,,,,1499.98,14991,9.99,1363,0.91,155.0,96.72,16,2019,SP3,Server
552,AMD EPYC 7551,CPU,2017-06-29,14.0,180.0,213.0,4800.0,2000.0,GF,AMD,,,,2974.12,22005,7.4,1736,0.58,180.0,122.25,32,2017,SP3,Server
564,AMD Sempron 3100+,CPU,2005-04-01,90.0,62.0,84.0,63.0,1800.0,Unknown,AMD,,,,65.0,298,4.58,383,5.89,62.0,4.8,1,2009,754,Desktop
565,AMD Sempron 3400+,CPU,2006-05-23,90.0,62.0,103.0,81.0,1800.0,Unknown,AMD,,,,86.68,292,3.37,346,3.99,62.0,4.71,1,2008,AM2,Desktop
567,AMD Athlon 3000G,CPU,2019-11-20,14.0,35.0,148.0,4800.0,3500.0,Unknown,AMD,,,,54.99,4480,81.47,1999,36.36,35.0,128.01,2,2019,AM4,Desktop
570,AMD Sempron 2200+,CPU,2004-08-01,130.0,62.0,80.0,37.0,1500.0,Unknown,AMD,,,,39.95,184,4.6,279,6.99,,,1,2009,Socket A,Desktop
574,AMD Athlon XP 1800+,CPU,2002-06-10,130.0,51.0,80.0,37.0,1533.0,Unknown,AMD,,,,50.95,195,3.83,301,5.9,66.0,2.96,1,2009,Socket A,Desktop
577,AMD Sempron 2600+,CPU,2004-07-28,90.0,25.0,,63.0,1600.0,Unknown,AMD,,,,34.95,253,7.23,325,9.31,,,1,2008,Socket A,Desktop
578,AMD Athlon XP 2500+,CPU,2003-02-10,130.0,68.0,101.0,63.0,1833.0,Unknown,AMD,,,,,231,,353,,,,1,2008,unknown,Unknown
584,AMD Opteron 3350 HE,CPU,2012-12-04,32.0,45.0,315.0,1200.0,2800.0,Unknown,AMD,,,,392.0,2825,7.21,1362,3.47,45.0,62.78,4,2013,unknown,Server
585,AMD Athlon 64 3200+,CPU,2005-04-04,90.0,67.0,83.0,69.0,2000.0,Unknown,AMD,,,,149.95,340,2.27,568,3.79,62.0,5.48,1,2008,AM2,Unknown
589,AMD Ryzen 3 5300G,CPU,2021-04-13,7.0,65.0,,,4000.0,TSMC,AMD,,,,,13139,,3055,,65.0,202.14,4,2021,AM4,Desktop
592,AMD EPYC 7542,CPU,2019-08-07,7.0,225.0,74.0,3800.0,2900.0,TSMC,AMD,,,,1789.99,56728,31.69,2207,1.23,225.0,252.13,32,2019,SP3,Server
593,AMD Athlon 64 3000+,CPU,2006-05-23,90.0,62.0,183.0,154.0,1800.0,Unknown,AMD,,,,20.0,303,15.13,506,25.31,89.0,3.4,1,2008,Socket 754,Desktop
597,AMD EPYC 7402P,CPU,2019-08-07,7.0,180.0,74.0,3800.0,2800.0,TSMC,AMD,,,,1428.93,41741,29.21,1970,1.38,180.0,231.9,24,2019,SP3,Server
603,AMD Opteron 144,CPU,2003-06-30,130.0,85.0,193.0,106.0,1800.0,Unknown,AMD,,,,29.95,316,10.55,376,12.56,67.0,4.72,1,2008,939,Server
609,AMD Phenom II X2 B55,CPU,2009-10-01,45.0,80.0,258.0,758.0,3000.0,Unknown,AMD,,,,37.95,1151,30.34,1244,32.79,80.0,14.39,2,2009,AM3,Desktop
612,AMD Opteron 148,CPU,2003-11-17,130.0,89.0,193.0,106.0,2200.0,Unknown,AMD,,,,,392,,443,,85.3,4.6,1,2009,939,Server
616,AMD Athlon II X3 450,CPU,2010-09-21,45.0,95.0,169.0,300.0,3200.0,Unknown,AMD,,,,28.02,1763,62.91,1292,46.12,95.0,18.56,3,2010,AM3,Desktop
624,AMD Sempron 2600+,CPU,2004-08-01,90.0,62.0,84.0,63.0,1600.0,Unknown,AMD,,,,34.95,253,7.23,325,9.31,,,1,2008,Socket A,Desktop
626,AMD EPYC 7702,CPU,2019-08-07,7.0,200.0,74.0,3800.0,2000.0,TSMC,AMD,,,,4000.0,71646,17.91,2097,0.52,200.0,358.23,64,2020,SP3,Server
630,AMD Athlon 64 3500+,CPU,2004-06-01,130.0,89.0,193.0,106.0,2200.0,Unknown,AMD,,,,79.95,396,4.95,568,7.1,45.0,8.8,1,2008,AM2,Unknown
633,AMD Ryzen 5 5600X,CPU,2020-11-05,7.0,65.0,,,3700.0,TSMC,AMD,,,,216.99,22088,101.79,3377,15.56,65.0,339.82,6,2020,AM4,Desktop
638,AMD Sempron 2800+,CPU,2004-07-28,90.0,62.0,,63.0,1600.0,Unknown,AMD,,,,29.95,243,8.11,408,13.63,62.0,3.92,1,2008,AM2,Desktop
645,AMD Sempron 3000+,CPU,2005-07-15,90.0,25.0,,69.0,1800.0,Unknown,AMD,,,,34.95,268,7.66,333,9.53,62.0,4.32,1,2008,AM2,Desktop
648,AMD Phenom II X4 820,CPU,2009-09-01,45.0,95.0,258.0,758.0,2800.0,Unknown,AMD,,,,69.95,2103,30.07,1138,16.27,95.0,22.14,4,2009,AM3,Desktop
650,AMD Ryzen 5 PRO 2400G,CPU,2018-05-10,14.0,65.0,210.0,4950.0,3600.0,GF,AMD,,,,,8378,,2132,,65.0,128.89,4,2018,AM4,Desktop
652,AMD Ryzen 5 PRO 1500,CPU,2017-06-29,14.0,65.0,192.0,4800.0,3500.0,GF,AMD,,,,,9402,,2158,,65.0,144.65,4,2017,AM4,Desktop
653,AMD Phenom II X4 840T,CPU,2010-09-01,45.0,95.0,346.0,904.0,2900.0,Unknown,AMD,,,,58.02,2269,39.1,1274,21.96,95.0,23.88,4,2010,AM2+/AM3,Unknown
662,AMD Athlon 64 3200+,CPU,2004-10-14,90.0,67.0,84.0,69.0,2000.0,Unknown,AMD,,,,149.95,340,2.27,568,3.79,62.0,5.48,1,2008,AM2,Unknown
664,AMD Phenom II X4 910e,CPU,2010-01-25,45.0,65.0,258.0,758.0,2600.0,Unknown,AMD,,,,69.9,2044,29.24,1076,15.39,65.0,31.44,4,2010,AM3,Desktop
666,AMD EPYC 7543P,CPU,2021-03-15,7.0,225.0,,,2800.0,TSMC,AMD,,,,2999.0,67144,22.39,2742,0.91,225.0,298.42,32,2021,SP3,Server
674,AMD Sempron 3000+,CPU,2004-07-28,90.0,62.0,,63.0,1800.0,Unknown,AMD,,,,34.95,268,7.66,333,9.53,62.0,4.32,1,2008,AM2,Desktop
679,AMD Athlon Gold PRO 3150G,CPU,2020-07-21,12.0,65.0,,,3500.0,GF,AMD,,,,,7702,,2321,,65.0,118.49,4,2020,AM4,Desktop
683,AMD Athlon II X4 620,CPU,2009-09-16,45.0,95.0,169.0,300.0,2600.0,Unknown,AMD,,,,54.95,1934,35.19,1054,19.18,95.0,20.36,4,2009,AM3,Desktop
684,AMD Ryzen Threadripper 1950X,CPU,2017-08-10,14.0,180.0,213.0,9600.0,3400.0,GF,AMD,,,,684.47,28037,40.96,2293,3.35,180.0,155.76,16,2017,sTR4,Desktop
710,AMD Athlon 64 3700+,CPU,2004-06-01,130.0,89.0,193.0,105.0,2400.0,Unknown,AMD,,,,89.95,394,4.38,435,4.83,89.0,4.42,1,2008,939,Desktop
712,AMD Athlon 64 3100+,CPU,2008-04-21,65.0,25.0,77.0,122.0,2000.0,Unknown,AMD,,,,,484,,600,,89.0,5.44,1,2015,754,Desktop
715,AMD Athlon XP 2600+,CPU,2001-01-01,130.0,68.0,101.0,63.0,1917.0,Unknown,AMD,,,,23.03,242,10.52,380,16.49,,,1,2008,unknown,Unknown
718,AMD EPYC 74F3,CPU,2021-03-15,7.0,240.0,,,2800.0,TSMC,AMD,,,,4989.0,60948,12.22,2975,0.6,240.0,253.95,24,2021,SP3,Server
720,AMD Athlon XP 1700+,CPU,2001-01-01,130.0,50.0,80.0,37.0,1467.0,Unknown,AMD,,,,51.25,176,3.44,272,5.3,64.0,2.75,1,2009,Socket A (462),Desktop
721,AMD Ryzen 9 3900X,CPU,2019-07-07,7.0,105.0,74.0,3800.0,3800.0,TSMC,AMD,,,,359.0,32751,91.23,2725,7.59,105.0,311.92,12,2019,AM4,Desktop
722,AMD Opteron 150,CPU,2004-05-18,130.0,89.0,193.0,106.0,2400.0,Unknown,AMD,,,,352.94,393,1.11,471,1.34,85.3,4.6,1,2009,939,Server
723,AMD Ryzen 3 4300GE,CPU,2020-07-21,7.0,35.0,,,3500.0,TSMC,AMD,,,,,11332,,2558,,35.0,323.78,4,2020,AM4,Desktop
730,AMD Athlon 64 3400+,CPU,2001-01-01,90.0,67.0,83.0,69.0,2200.0,Unknown,AMD,,,,99.95,375,3.75,429,4.29,89.0,4.21,1,2009,754,Unknown
733,AMD Athlon XP 2000+,CPU,2003-09-01,130.0,60.0,,63.0,1667.0,Unknown,AMD,,,,58.99,195,3.31,311,5.28,70.0,2.79,1,2009,Socket A,Desktop
734,AMD E-350,CPU,2011-01-04,40.0,18.0,75.0,,1600.0,Unknown,AMD,,,,,414,,486,,18.0,23,2,2011,FT1,"Desktop, Laptop"
736,AMD Athlon II X2 250u,CPU,2009-10-20,45.0,25.0,117.0,410.0,1600.0,Unknown,AMD,,,,24.95,604,24.22,632,25.32,25.0,24.17,2,2010,AM3,Desktop
752,AMD A10-9700,CPU,2017-07-27,28.0,65.0,246.0,1178.0,3500.0,Unknown,AMD,,,,91.75,3546,38.64,1616,17.61,65.0,54.55,4,2016,AM4,Desktop
755,AMD Athlon 64 3800+,CPU,2007-02-20,65.0,45.0,77.0,122.0,2400.0,Unknown,AMD,,,,131.01,292,2.23,461,3.52,45.0,6.5,1,2009,AM2,Unknown
763,AMD Athlon 64 3500+,CPU,2004-10-14,90.0,67.0,84.0,69.0,2200.0,Unknown,AMD,,,,79.95,396,4.95,568,7.1,45.0,8.8,1,2008,AM2,Unknown
770,AMD Athlon II X2 270,CPU,2011-07-01,45.0,65.0,117.0,410.0,3400.0,Unknown,AMD,,,,19.99,1234,61.75,1353,67.67,65.0,18.99,2,2011,AM3,Desktop
772,AMD EPYC 7702P,CPU,2019-08-07,7.0,200.0,74.0,3800.0,2000.0,TSMC,AMD,,,,3499.99,61689,17.63,2110,0.6,200.0,308.44,64,2019,SP3,Server
776,AMD Opteron 146,CPU,2003-09-09,130.0,89.0,193.0,106.0,2000.0,Unknown,AMD,,,,35.0,346,9.88,400,11.43,67.0,5.16,1,2009,939,Server
787,AMD Opteron 146,CPU,2005-08-02,90.0,67.0,,106.0,2000.0,Unknown,AMD,,,,35.0,346,9.88,400,11.43,67.0,5.16,1,2009,939,Server
791,AMD Athlon XP 2400+,CPU,2003-09-01,130.0,68.0,,63.0,2000.0,Unknown,AMD,,,,79.99,234,2.93,375,4.69,,,1,2009,unknown,Unknown
796,AMD Athlon XP 2000+,CPU,2002-06-10,130.0,60.0,80.0,37.0,1667.0,Unknown,AMD,,,,58.99,195,3.31,311,5.28,70.0,2.79,1,2009,Socket A,Desktop
799,AMD Ryzen 5 PRO 4650G,CPU,2020-07-21,7.0,65.0,,,3700.0,TSMC,AMD,,,,257.36,16428,63.83,2664,10.35,65.0,252.73,6,2020,AM4,Desktop
801,AMD Sempron 2400+,CPU,2004-08-01,130.0,62.0,80.0,37.0,1667.0,Unknown,AMD,,,,12.99,205,15.74,321,24.72,,,1,2008,Socket A,Desktop
803,AMD C-60,CPU,2011-08-22,40.0,9.0,75.0,,1000.0,Unknown,AMD,,,,,290,,354,,9.0,32.21,2,2011,unknown,Unknown
807,AMD Athlon 64 3200+,CPU,2006-05-23,90.0,62.0,183.0,154.0,2000.0,Unknown,AMD,,,,149.95,340,2.27,568,3.79,62.0,5.48,1,2008,AM2,Unknown
808,AMD Ryzen Threadripper 2990WX,CPU,2018-08-13,12.0,250.0,213.0,19200.0,3000.0,GF,AMD,,,,2100.0,32475,15.46,2290,1.09,250.0,129.9,32,2018,sTR4,Desktop
812,AMD Phenom II X4 900e,CPU,2009-06-02,45.0,65.0,258.0,758.0,2400.0,Unknown,AMD,,,,,1505,,917,,65.0,23.15,4,2010,AM3,Desktop
813,AMD A10-7870K,CPU,2015-05-28,28.0,95.0,246.0,1178.0,3900.0,Unknown,AMD,,,,382.46,3485,9.11,1510,3.95,95.0,36.69,2,2015,FM2+,Desktop
817,AMD Athlon II X4 605e,CPU,2009-10-20,45.0,45.0,169.0,300.0,2300.0,Unknown,AMD,,,,19.97,1957,98.01,1005,50.34,45.0,43.49,4,2009,AM3,Desktop
821,AMD Ryzen 7 3780U,CPU,2019-10-22,12.0,15.0,210.0,4940.0,2300.0,GF,AMD,,,,,7651,,2227,,15.0,510.04,4,2019,FP5,Laptop
829,AMD Athlon 64 3200+,CPU,2005-04-14,130.0,83.0,,105.0,2000.0,Unknown,AMD,,,,149.95,340,2.27,568,3.79,62.0,5.48,1,2008,AM2,Unknown
833,AMD Ryzen 7 4800U,CPU,2020-01-06,7.0,25.0,156.0,9800.0,1800.0,TSMC,AMD,,,,,17073,,2603,,15.0,"1,138.18",8,2020,FP6,Laptop
840,AMD Athlon 64 2800+,CPU,2004-04-27,130.0,89.0,193.0,69.0,1800.0,Unknown,AMD,,,,99.99,295,2.95,375,3.75,89.0,3.32,1,2009,754,Unknown
841,AMD Athlon 64 3500+,CPU,2005-04-04,90.0,67.0,83.0,69.0,2200.0,Unknown,AMD,,,,79.95,396,4.95,568,7.1,45.0,8.8,1,2008,AM2,Unknown
847,AMD Phenom II X4 805,CPU,2009-02-09,45.0,95.0,258.0,758.0,2500.0,Unknown,AMD,,,,173.99,1844,10.6,999,5.74,95.0,19.42,4,2009,AM3,Desktop
852,AMD Athlon 300U,CPU,2019-01-06,14.0,15.0,,,2400.0,GF,AMD,,,,,3978,,1830,,15.0,265.19,2,2019,FP5,Laptop
853,AMD Athlon PRO 200GE,CPU,2018-06-01,14.0,35.0,192.0,4800.0,3200.0,Unknown,AMD,,,,,4139,,1821,,35.0,118.27,2,2018,AM4,Desktop
854,AMD Opteron 6378,CPU,2012-11-05,32.0,115.0,315.0,2400.0,2400.0,Unknown,AMD,,,,1709.92,5889,3.44,1127,0.66,115.0,51.21,8,2015,G34,Server
860,AMD EPYC 7502P,CPU,2019-08-07,7.0,180.0,74.0,3800.0,2500.0,TSMC,AMD,,,,2696.51,48995,18.17,1894,0.7,180.0,272.19,32,2019,SP3,Server
864,AMD Opteron 148,CPU,2004-05-18,130.0,89.0,193.0,106.0,2200.0,Unknown,AMD,,,,,392,,443,,85.3,4.6,1,2009,939,Server
865,AMD Sempron 3100+,CPU,2005-07-15,90.0,25.0,,69.0,1800.0,Unknown,AMD,,,,65.0,298,4.58,383,5.89,62.0,4.8,1,2009,754,Desktop
867,AMD Athlon II X2 245,CPU,2009-07-23,45.0,65.0,117.0,410.0,2900.0,Unknown,AMD,,,,12.55,1022,81.47,1113,88.69,65.0,15.73,2,2009,AM2+/AM3,Desktop
868,AMD Phenom II X4 840,CPU,2011-01-04,45.0,95.0,169.0,300.0,3200.0,Unknown,AMD,,,,24.28,2355,96.99,1309,53.9,95.0,24.79,4,2011,AM2+/AM3,Desktop
872,AMD Opteron 146,CPU,2005-08-02,90.0,67.0,,106.0,2000.0,Unknown,AMD,,,,35.0,346,9.88,400,11.43,67.0,5.16,1,2009,939,Server
874,AMD Ryzen 9 3900XT,CPU,2020-07-07,7.0,105.0,74.0,3800.0,3900.0,TSMC,AMD,,,,618.77,32869,53.12,2786,4.5,105.0,313.04,12,2020,AM4,Desktop
877,AMD A8-9600,CPU,2017-07-27,28.0,65.0,246.0,1178.0,3100.0,Unknown,AMD,,,,98.99,3291,33.24,1486,15.02,65.0,50.62,4,2017,AM4,Desktop
879,AMD Ryzen 5 3500X,CPU,2019-09-24,7.0,65.0,74.0,3800.0,3600.0,TSMC,AMD,,,,184.95,13319,72.01,2525,13.65,65.0,204.91,6,2019,AM4,Desktop
880,AMD EPYC 7281,CPU,2017-06-29,14.0,170.0,213.0,4800.0,2100.0,GF,AMD,,,,1098.95,21230,19.32,1613,1.47,155.0,136.97,16,2017,SP3,Server
882,AMD Opteron 144,CPU,2004-05-18,130.0,82.0,193.0,106.0,1800.0,Unknown,AMD,,,,29.95,316,10.55,376,12.56,67.0,4.72,1,2008,939,Server
891,AMD Athlon X4 950,CPU,2017-07-27,28.0,65.0,246.0,1178.0,3500.0,Unknown,AMD,,,,35.99,3611,100.32,1663,46.2,65.0,55.55,4,2017,AM4,Desktop
892,AMD Ryzen 7 PRO 1700,CPU,2017-06-29,14.0,65.0,192.0,4800.0,3000.0,GF,AMD,,,,,14590,,2026,,65.0,224.45,8,2017,AM4,Desktop
898,AMD Athlon XP 1800+,CPU,2001-01-01,130.0,51.0,80.0,37.0,1533.0,Unknown,AMD,,,,50.95,195,3.83,301,5.9,66.0,2.96,1,2009,Socket A,Desktop
905,AMD Athlon XP 2600+,CPU,2002-08-21,130.0,68.0,80.0,37.0,2083.0,Unknown,AMD,,,,23.03,242,10.52,380,16.49,,,1,2008,unknown,Unknown
908,AMD Phenom II X4 B97,CPU,2010-05-11,45.0,95.0,258.0,758.0,3200.0,Unknown,AMD,,,,79.95,2498,31.25,1326,16.59,95.0,26.3,4,2010,AM2+/AM3,Desktop
909,AMD Athlon XP 2800+,CPU,2001-01-01,130.0,68.0,101.0,63.0,2083.0,Unknown,AMD,,,,,260,,408,,89.0,2.93,1,2009,754,Unknown
912,AMD Athlon 64 3400+,CPU,2001-01-01,130.0,89.0,193.0,105.0,2400.0,Unknown,AMD,,,,99.95,375,3.75,429,4.29,89.0,4.21,1,2009,754,Unknown
914,AMD Phenom II X4 850,CPU,2011-06-01,45.0,95.0,169.0,300.0,3300.0,Unknown,AMD,,,,64.99,2496,38.4,1350,20.77,95.0,26.27,4,2011,AM2+/AM3,Unknown
917,AMD EPYC 7452,CPU,2019-08-07,7.0,155.0,74.0,3800.0,2200.0,TSMC,AMD,,,,2209.97,41871,18.95,1689,0.76,155.0,270.14,32,2019,SP3,Server
921,AMD Ryzen 9 5900X,CPU,2020-11-05,7.0,105.0,,,3700.0,TSMC,AMD,,,,393.03,39457,100.39,3494,8.89,105.0,375.78,12,2020,AM4,Desktop
934,AMD Ryzen 9 3950X,CPU,2019-11-14,7.0,105.0,74.0,3800.0,3500.0,TSMC,AMD,,,,650.0,39157,60.24,2738,4.21,105.0,372.92,16,2019,AM4,Desktop
938,AMD Ryzen 5 2600,CPU,2018-04-19,12.0,65.0,192.0,4800.0,3400.0,GF,AMD,,,,124.88,13195,105.66,2250,18.02,65.0,202.99,6,2018,AM4,Desktop
948,AMD Ryzen 5 4600HS,CPU,2020-01-06,7.0,35.0,156.0,9800.0,3000.0,TSMC,AMD,,,,,14735,,2468,,35.0,421.01,6,2020,FP6,Laptop
949,AMD Sempron 3100+,CPU,2005-07-15,90.0,62.0,,69.0,1800.0,Unknown,AMD,,,,65.0,298,4.58,383,5.89,62.0,4.8,1,2009,754,Desktop
952,AMD Athlon 64 3000+,CPU,2001-01-01,90.0,51.0,84.0,69.0,2000.0,Unknown,AMD,,,,20.0,303,15.13,506,25.31,89.0,3.4,1,2008,Socket 754,Desktop
958,AMD Ryzen 7 2700U,CPU,2017-10-26,14.0,15.0,246.0,,2200.0,GF,AMD,,,,,6895,,1806,,15.0,459.65,4,2017,FP5,Laptop
961,AMD Phenom II X4 810,CPU,2009-02-09,45.0,95.0,258.0,758.0,2600.0,Unknown,AMD,,,,213.0,1849,8.68,1018,4.78,95.0,19.46,4,2009,AM3,Desktop
972,AMD EPYC 7313P,CPU,2021-03-15,7.0,155.0,,,3000.0,TSMC,AMD,,,,913.0,40879,44.77,2608,2.86,155.0,263.74,16,2021,SP3,Server
976,AMD Ryzen 5 3500U,CPU,2019-01-06,12.0,15.0,210.0,4940.0,2100.0,GF,AMD,,,,,7102,,1982,,15.0,473.44,4,2019,FP5,Laptop
986,AMD Athlon II X4 600e,CPU,2009-10-20,45.0,45.0,169.0,300.0,2200.0,Unknown,AMD,,,,19.99,1711,85.59,913,45.68,45.0,38.02,4,2009,AM3,Desktop
992,AMD Sempron 2400+,CPU,2004-07-28,130.0,62.0,80.0,37.0,1667.0,Unknown,AMD,,,,12.99,205,15.74,321,24.72,,,1,2008,Socket A,Desktop
1009,AMD Sempron 2800+,CPU,2001-01-01,130.0,25.0,144.0,69.0,1600.0,Unknown,AMD,,,,29.95,243,8.11,408,13.63,62.0,3.92,1,2008,AM2,Desktop
1017,AMD Athlon XP 2100+,CPU,2002-03-13,180.0,72.0,150.0,37.0,1733.0,Unknown,AMD,,,,63.75,210,3.3,327,5.12,,,1,2009,unknown,Unknown
1020,AMD Athlon 64 3200+,CPU,2003-09-23,130.0,89.0,193.0,105.0,2000.0,Unknown,AMD,,,,149.95,340,2.27,568,3.79,62.0,5.48,1,2008,AM2,Unknown
1032,AMD Athlon XP 2000+,CPU,2002-01-07,180.0,70.0,150.0,37.0,1667.0,Unknown,AMD,,,,58.99,195,3.31,311,5.28,70.0,2.79,1,2009,Socket A,Desktop
1045,AMD Ryzen 5 3600XT,CPU,2019-07-07,7.0,95.0,74.0,3800.0,3800.0,TSMC,AMD,,,,327.52,18780,57.34,2794,8.53,95.0,197.69,6,2020,AM4,Desktop
1057,AMD A12-9800,CPU,2017-07-27,28.0,65.0,246.0,1178.0,3800.0,Unknown,AMD,,,,124.85,3447,27.61,1607,12.87,65.0,53.03,2,2016,AM4,Desktop
1059,AMD Ryzen 3 2300U,CPU,2018-01-08,14.0,15.0,246.0,,2000.0,GF,AMD,,,,,5507,,1745,,15.0,367.11,4,2018,FP5,Laptop
1062,AMD Ryzen 3 4300G,CPU,2020-07-21,7.0,65.0,,,3800.0,TSMC,AMD,,,,,10792,,2548,,65.0,166.03,4,2020,AM4,Desktop
1067,AMD Ryzen 7 4700G,CPU,2020-07-21,7.0,65.0,,,3600.0,TSMC,AMD,,,,319.0,20138,63.13,2758,8.65,65.0,309.82,8,2020,AM4,Desktop
1068,AMD Sempron 3000+,CPU,2004-09-17,130.0,62.0,101.0,63.0,2000.0,Unknown,AMD,,,,34.95,268,7.66,333,9.53,62.0,4.32,1,2008,AM2,Desktop
1075,AMD EPYC 7413,CPU,2021-03-15,7.0,180.0,,,2650.0,TSMC,AMD,,,,1997.99,46295,23.17,1983,0.99,180.0,257.2,24,2021,SP3,Server
1076,AMD Opteron 6348,CPU,2012-11-05,32.0,115.0,315.0,2400.0,2800.0,Unknown,AMD,,,,1708.67,8030,4.7,1302,0.76,115.0,69.83,6,2013,unknown,Server
1080,AMD Sempron 3200+,CPU,2005-10-01,90.0,62.0,84.0,63.0,1800.0,Unknown,AMD,,,,124.68,288,2.31,356,2.85,62.0,4.65,1,2009,AM2,Desktop
1089,AMD Phenom II X4 B95,CPU,2009-10-01,45.0,95.0,258.0,758.0,3000.0,Unknown,AMD,,,,62.02,2329,37.56,1238,19.96,95.0,24.52,4,2010,AM3,Desktop
1100,AMD Athlon XP 1600+,CPU,2001-01-01,130.0,49.0,80.0,37.0,1400.0,Unknown,AMD,,,,,174,,265,,,,1,2009,unknown,Unknown
1103,AMD Ryzen 3 PRO 3300U,CPU,2019-04-08,12.0,15.0,210.0,4940.0,2100.0,GF,AMD,,,,,6144,,2060,,15.0,409.61,4,2019,FP5,Laptop
1104,AMD Ryzen 3 PRO 4350G,CPU,2020-07-21,7.0,65.0,,,3800.0,TSMC,AMD,,,,,10833,,2540,,65.0,166.66,4,2020,AM4,Desktop
1105,AMD Athlon 64 3400+,CPU,2004-04-27,130.0,89.0,144.0,105.0,2400.0,Unknown,AMD,,,,99.95,375,3.75,429,4.29,89.0,4.21,1,2009,754,Unknown
1120,AMD Athlon II X3 405e,CPU,2009-10-20,45.0,45.0,169.0,300.0,2300.0,Unknown,AMD,,,,112.9,1331,11.79,973,8.62,45.0,29.58,3,2010,AM3,Desktop
1122,AMD Ryzen 3 3300X,CPU,2020-04-24,7.0,65.0,74.0,3800.0,3800.0,TSMC,AMD,,,,269.99,12746,47.21,2689,9.96,65.0,196.1,4,2020,AM4,Desktop
1124,AMD Athlon II X2 245e,CPU,2010-05-11,45.0,45.0,117.0,410.0,2900.0,Unknown,AMD,,,,19.99,1075,53.77,1145,57.28,45.0,23.89,2,2011,AM3,Desktop
1128,AMD Sempron 3000+,CPU,2004-11-23,90.0,25.0,,63.0,1800.0,Unknown,AMD,,,,34.95,268,7.66,333,9.53,62.0,4.32,1,2008,AM2,Desktop
1138,AMD Athlon 64 3400+,CPU,2004-01-06,130.0,89.0,193.0,105.0,2200.0,Unknown,AMD,,,,99.95,375,3.75,429,4.29,89.0,4.21,1,2009,754,Unknown
1145,AMD Athlon 220GE,CPU,2018-06-01,14.0,35.0,192.0,4800.0,3400.0,Unknown,AMD,,,,129.0,4450,34.5,1984,15.38,35.0,127.15,2,2019,AM4,Laptop
1147,AMD Sempron 2600+,CPU,2001-01-01,130.0,25.0,144.0,69.0,1600.0,Unknown,AMD,,,,34.95,253,7.23,325,9.31,,,1,2008,Socket A,Desktop
1148,AMD Athlon II X3 425,CPU,2009-10-20,45.0,95.0,169.0,300.0,2700.0,Unknown,AMD,,,,58.34,1576,27.02,1105,18.95,95.0,16.59,3,2009,AM3,Desktop
1152,AMD Sempron LE-1250,CPU,2007-10-08,65.0,45.0,,,2200.0,Unknown,AMD,,,,99.99,301,3.01,508,5.08,45.0,6.68,1,2009,AM2,Desktop
1156,AMD Athlon II X3 445,CPU,2010-05-11,45.0,95.0,169.0,300.0,3100.0,Unknown,AMD,,,,15.21,1808,118.84,1282,84.28,95.0,19.03,3,2010,AM3,Desktop
1158,AMD Ryzen 3 3200G,CPU,2019-07-07,12.0,65.0,210.0,49.0,3600.0,GF,AMD,,,,144.99,7188,49.57,2218,15.3,65.0,110.58,4,2019,AM4,Desktop
1159,AMD Opteron 146,CPU,2005-08-02,90.0,67.0,,106.0,2000.0,Unknown,AMD,,,,35.0,346,9.88,400,11.43,67.0,5.16,1,2009,939,Server
1160,AMD A8-7680,CPU,2018-10-26,28.0,45.0,246.0,1178.0,3500.0,Unknown,AMD,,,,69.5,3571,51.38,1638,23.57,45.0,79.36,4,2019,FM2+,Laptop
1162,AMD Ryzen 7 2800H,CPU,2018-05-30,14.0,15.0,246.0,,3400.0,GF,AMD,,,,,7656,,2164,,45.0,170.13,4,2019,FP5,Laptop
1165,AMD Ryzen 5 2500U,CPU,2017-10-26,14.0,15.0,246.0,,2000.0,GF,AMD,,,,,6555,,1834,,15.0,436.97,4,2017,FP5,Laptop
1174,AMD Athlon II X3 400e,CPU,2009-10-20,45.0,45.0,169.0,300.0,2200.0,Unknown,AMD,,,,25.49,1320,51.8,908,35.62,45.0,29.34,3,2009,AM3,Desktop
1179,AMD Sempron 145,CPU,2010-09-01,45.0,45.0,117.0,234.0,2800.0,Unknown,AMD,,,,35.99,505,14.04,989,27.47,45.0,11.23,1,2010,AM3,Desktop
1187,AMD Z-01,CPU,2011-06-01,40.0,6.0,,,1000.0,Unknown,AMD,,,,,308,,290,,,,2,2011,unknown,Unknown
1206,AMD Sempron 2200+,CPU,2001-01-01,130.0,62.0,101.0,63.0,1500.0,Unknown,AMD,,,,39.95,184,4.6,279,6.99,,,1,2009,Socket A,Desktop
1207,AMD EPYC 7713,CPU,2021-03-15,7.0,225.0,,,2000.0,TSMC,AMD,,,,7060.0,85861,12.16,2727,0.39,225.0,381.6,64,2021,SP3,Server
1218,AMD Athlon 64 FX-57,CPU,2005-06-27,90.0,104.0,115.0,114.0,2800.0,Unknown,AMD,,,,,517,,552,,104.0,4.97,1,2009,939,Desktop
1225,AMD Athlon XP 1700+,CPU,2001-01-01,130.0,50.0,80.0,37.0,1467.0,Unknown,AMD,,,,51.25,176,3.44,272,5.3,64.0,2.75,1,2009,Socket A (462),Desktop
1228,AMD Opteron 148,CPU,2005-08-02,90.0,85.0,,106.0,2200.0,Unknown,AMD,,,,,392,,443,,85.3,4.6,1,2009,939,Server
1230,AMD Ryzen 5 2600H,CPU,2018-05-30,14.0,15.0,246.0,,3300.0,GF,AMD,,,,,7836,,2136,,45.0,174.14,4,2019,FP5,Laptop
1237,AMD Athlon 220GE,CPU,2018-12-21,14.0,35.0,192.0,4800.0,3400.0,Unknown,AMD,,,,129.0,4450,34.5,1984,15.38,35.0,127.15,2,2019,AM4,Laptop
1238,AMD EPYC 7313,CPU,2021-03-15,7.0,155.0,,,3000.0,TSMC,AMD,,,,1179.99,40575,34.39,2610,2.21,155.0,261.77,16,2021,SP3,Server
1244,AMD Ryzen Threadripper PRO 3995WX,CPU,2020-07-14,7.0,280.0,74.0,3800.0,2700.0,TSMC,AMD,,,,6807.98,83971,12.33,2626,0.39,280.0,299.9,64,2020,sWRX8,Desktop
1246,AMD Athlon II X2 270u,CPU,2010-09-21,45.0,25.0,117.0,410.0,2000.0,Unknown,AMD,,,,67.67,675,9.98,791,11.69,25.0,27.02,2,2010,AM3,Desktop
1247,AMD Athlon 64 3000+,CPU,2004-10-14,90.0,67.0,84.0,69.0,1800.0,Unknown,AMD,,,,20.0,303,15.13,506,25.31,89.0,3.4,1,2008,Socket 754,Desktop
1255,AMD Sempron 3000+,CPU,2006-05-23,90.0,62.0,103.0,81.0,1600.0,Unknown,AMD,,,,34.95,268,7.66,333,9.53,62.0,4.32,1,2008,AM2,Desktop
1262,AMD Athlon 64 3700+,CPU,2001-01-01,90.0,89.0,199.0,233.0,2200.0,Unknown,AMD,,,,89.95,394,4.38,435,4.83,89.0,4.42,1,2008,939,Desktop
1267,AMD Ryzen 5 PRO 4650GE,CPU,2020-07-21,7.0,35.0,,,3300.0,TSMC,AMD,,,,,15712,,2632,,35.0,448.91,6,2020,AM4,Desktop
1268,AMD Phenom II X3 710,CPU,2009-02-09,45.0,95.0,258.0,758.0,2600.0,Unknown,AMD,,,,169.0,1554,9.2,1069,6.33,95.0,16.36,3,2009,AM3,Desktop
1270,AMD Opteron 150,CPU,2005-08-02,90.0,85.0,,106.0,2400.0,Unknown,AMD,,,,352.94,393,1.11,471,1.34,85.3,4.6,1,2009,939,Server
1272,AMD Ryzen 5 3600X,CPU,2019-07-07,7.0,95.0,74.0,3800.0,3800.0,TSMC,AMD,,,,209.99,18285,87.08,2670,12.71,95.0,192.47,6,2019,AM4,Desktop
1278,AMD Athlon II X2 240e,CPU,2009-10-20,45.0,45.0,117.0,410.0,2800.0,Unknown,AMD,,,,37.89,980,25.86,1092,28.81,45.0,21.77,2,2009,AM3,Desktop
1282,AMD Sempron 3300+,CPU,2005-08-19,90.0,62.0,,63.0,2000.0,Unknown,AMD,,,,20.0,315,15.74,394,19.68,62.0,5.08,1,2008,754,Desktop
1284,AMD Athlon 64 3400+,CPU,2001-01-01,90.0,67.0,84.0,69.0,2400.0,Unknown,AMD,,,,99.95,375,3.75,429,4.29,89.0,4.21,1,2009,754,Unknown
1288,AMD Opteron 6380,CPU,2012-11-05,32.0,115.0,315.0,2400.0,2500.0,Unknown,AMD,,,,855.79,6645,7.76,1096,1.28,115.0,57.78,8,2015,G34,Server
1289,AMD Athlon II X4 630,CPU,2009-09-16,45.0,95.0,169.0,300.0,2800.0,Unknown,AMD,,,,48.04,2093,43.58,1138,23.69,95.0,22.04,4,2009,AM3,Desktop
1294,AMD Athlon II X3 420e,CPU,2010-09-21,45.0,45.0,169.0,300.0,2600.0,Unknown,AMD,,,,116.15,1557,13.4,1058,9.11,45.0,34.6,3,2011,AM3,Desktop
1307,AMD Phenom II X4 905e,CPU,2009-06-02,45.0,65.0,258.0,758.0,2500.0,Unknown,AMD,,,,53.99,1895,35.11,1029,19.06,65.0,29.16,4,2009,AM3,Desktop
1309,AMD Athlon XP 2400+,CPU,2003-09-01,130.0,68.0,,63.0,2000.0,Unknown,AMD,,,,79.99,234,2.93,375,4.69,,,1,2009,unknown,Unknown
1310,AMD Sempron 2600+,CPU,2004-07-28,130.0,62.0,80.0,37.0,1833.0,Unknown,AMD,,,,34.95,253,7.23,325,9.31,,,1,2008,Socket A,Desktop
1318,AMD Sempron 3200+,CPU,2006-05-23,90.0,62.0,103.0,81.0,1800.0,Unknown,AMD,,,,124.68,288,2.31,356,2.85,62.0,4.65,1,2009,AM2,Desktop
1319,AMD Athlon II X3 435,CPU,2009-10-09,45.0,95.0,169.0,300.0,2900.0,Unknown,AMD,,,,159.95,1670,10.44,1188,7.43,95.0,17.58,3,2009,AM3,Desktop
1330,AMD Athlon 64 3800+,CPU,2005-04-04,90.0,89.0,83.0,69.0,2400.0,Unknown,AMD,,,,131.01,292,2.23,461,3.52,45.0,6.5,1,2009,AM2,Unknown
1335,AMD Sempron 2300+,CPU,2001-01-01,130.0,62.0,101.0,63.0,1583.0,Unknown,AMD,,,,45.0,207,4.6,314,6.98,,,1,2009,Socket A,Desktop
1337,AMD Phenom II X4 B93,CPU,2009-10-01,45.0,95.0,258.0,758.0,2800.0,Unknown,AMD,,,,,2104,,1141,,95.0,22.15,4,2010,AM3,Desktop
1348,AMD Athlon 64 4000+,CPU,2001-01-01,90.0,89.0,199.0,233.0,2400.0,Unknown,AMD,,,,99.95,340,3.4,565,5.65,62.0,5.49,1,2008,AM2,Unknown
1356,AMD Athlon 64 3000+,CPU,2001-01-01,90.0,51.0,84.0,69.0,2000.0,Unknown,AMD,,,,20.0,303,15.13,506,25.31,89.0,3.4,1,2008,Socket 754,Desktop
1363,AMD Sempron 3400+,CPU,2005-10-01,90.0,62.0,84.0,63.0,2000.0,Unknown,AMD,,,,86.68,292,3.37,346,3.99,62.0,4.71,1,2008,AM2,Desktop
1364,AMD Ryzen 7 5700G,CPU,2021-04-13,7.0,65.0,,,3800.0,TSMC,AMD,,,,233.0,24545,105.34,3281,14.08,65.0,377.62,8,2021,AM4,Desktop
1367,AMD Opteron 144,CPU,2003-09-09,130.0,82.0,193.0,106.0,1800.0,Unknown,AMD,,,,29.95,316,10.55,376,12.56,67.0,4.72,1,2008,939,Server
1374,AMD EPYC 7543,CPU,2021-03-15,7.0,225.0,,,2800.0,TSMC,AMD,,,,3761.0,56562,15.04,2563,0.68,240.0,235.68,32,2021,SP3,Server
1377,AMD Ryzen 7 5800H,CPU,2021-01-12,7.0,54.0,156.0,9800.0,3200.0,TSMC,AMD,,,,,21469,,3083,,45.0,477.09,8,2021,FP6,Laptop
1382,AMD Ryzen 7 3700U,CPU,2019-01-06,12.0,15.0,210.0,4940.0,2300.0,GF,AMD,,,,,7317,,2013,,15.0,487.81,4,2019,FP5,Laptop
1385,AMD Phenom II X2 545,CPU,2009-06-01,45.0,80.0,258.0,758.0,3000.0,Unknown,AMD,,,,43.98,1107,25.18,1083,24.63,80.0,13.84,2,2009,AM2+/AM3,Desktop
1389,AMD Athlon II X2 235e,CPU,2009-10-20,45.0,45.0,117.0,410.0,2700.0,Unknown,AMD,,,,97.5,1049,10.75,1107,11.35,45.0,23.3,2,2009,AM3,Desktop
1392,AMD Athlon XP 2000+,CPU,2003-09-01,130.0,60.0,,63.0,1667.0,Unknown,AMD,,,,58.99,195,3.31,311,5.28,70.0,2.79,1,2009,Socket A,Desktop
1405,AMD Phenom II X4 925,CPU,2009-05-11,45.0,95.0,258.0,758.0,2800.0,Unknown,AMD,,,,21.0,2173,103.46,1156,55.05,95.0,22.87,4,2009,AM3,Desktop
1406,AMD Ryzen 7 PRO 2700,CPU,2018-09-19,12.0,65.0,192.0,4800.0,3200.0,GF,AMD,,,,,15059,,2145,,65.0,231.67,8,2018,AM4,Desktop
1408,AMD EPYC 7F32,CPU,2020-04-14,7.0,180.0,74.0,3800.0,3700.0,TSMC,AMD,,,,,23026,,2423,,180.0,127.92,8,2020,SP3,Server
1416,AMD Athlon II X2 265,CPU,2010-09-21,45.0,65.0,117.0,410.0,3300.0,Unknown,AMD,,,,15.5,1233,79.56,1344,86.7,65.0,18.97,2,2010,AM3,Desktop
1421,AMD EPYC 7251,CPU,2017-06-29,14.0,120.0,213.0,4800.0,2100.0,GF,AMD,,,,1111.0,14935,13.44,1671,1.5,120.0,124.46,8,2018,SP3,Server
1422,AMD Ryzen 9 4900HS,CPU,2020-03-07,7.0,35.0,156.0,9800.0,3000.0,TSMC,AMD,,,,,19425,,2628,,35.0,554.99,8,2020,FP6,Laptop
1434,AMD Athlon 64 X2 3800+,CPU,2005-08-01,90.0,89.0,156.0,154.0,2000.0,Unknown,AMD,,,,,566,,745,,89.0,6.36,2,2010,939,Desktop
1437,AMD Phenom II X6 1035T,CPU,2010-04-27,45.0,95.0,346.0,904.0,2600.0,Unknown,AMD,,,,108.0,2947,27.28,1231,11.4,95.0,31.02,6,2010,AM3,Desktop
1439,AMD Sempron 3400+,CPU,2005-08-01,90.0,62.0,84.0,63.0,2000.0,Unknown,AMD,,,,86.68,292,3.37,346,3.99,62.0,4.71,1,2008,AM2,Desktop
1441,AMD Ryzen 5 PRO 1600,CPU,2017-06-29,14.0,65.0,192.0,4800.0,3200.0,GF,AMD,,,,,10401,,1685,,65.0,160.01,6,2017,AM4,Desktop
1442,AMD Athlon 64 3200+,CPU,2004-04-27,130.0,89.0,144.0,69.0,2000.0,Unknown,AMD,,,,149.95,340,2.27,568,3.79,62.0,5.48,1,2008,AM2,Unknown
1446,AMD Athlon 64 2800+,CPU,2004-04-27,130.0,32.0,144.0,69.0,1800.0,Unknown,AMD,,,,99.99,295,2.95,375,3.75,89.0,3.32,1,2009,754,Unknown
1447,AMD Ryzen 7 3800XT,CPU,2020-07-07,7.0,105.0,74.0,3800.0,3800.0,TSMC,AMD,,,,391.65,23815,60.81,2845,7.26,105.0,226.81,8,2020,AM4,Desktop
1459,AMD Ryzen 3 4300U,CPU,2020-01-06,7.0,25.0,156.0,9800.0,2700.0,TSMC,AMD,,,,,7568,,2325,,15.0,504.52,4,2020,FP6,Laptop
1467,AMD Athlon II X4 615e,CPU,2010-09-21,45.0,45.0,169.0,300.0,2500.0,Unknown,AMD,,,,59.0,1967,33.34,1037,17.58,45.0,43.71,4,2010,AM3,Desktop
1473,AMD Athlon XP 2200+,CPU,2001-01-01,130.0,63.0,80.0,37.0,1800.0,Unknown,AMD,,,,84.95,214,2.52,335,3.94,,,1,2009,unknown,Unknown
1474,AMD A6-9500,CPU,2017-07-27,28.0,65.0,246.0,1178.0,3500.0,Unknown,AMD,,,,75.42,1864,24.72,1618,21.45,65.0,28.68,2,2016,AM4,Desktop
1476,AMD Ryzen 7 PRO 4750GE,CPU,2020-07-21,7.0,35.0,,,3100.0,TSMC,AMD,,,,,18550,,2709,,35.0,530.01,8,2020,AM4,Desktop
1480,AMD Athlon 64 3800+,CPU,2004-06-01,130.0,89.0,193.0,106.0,2400.0,Unknown,AMD,,,,131.01,292,2.23,461,3.52,45.0,6.5,1,2009,AM2,Unknown
1481,AMD Opteron 6272,CPU,2011-11-14,32.0,115.0,316.0,2400.0,2100.0,Unknown,AMD,,,,583.7,5240,8.98,753,1.29,115.0,45.56,8,2011,G34,Server
1504,AMD A6-9500E,CPU,2017-07-27,28.0,35.0,246.0,1178.0,3000.0,Unknown,AMD,,,,74.45,1841,24.72,1478,19.85,35.0,52.59,2,2018,AM4,Desktop
1511,AMD Sempron 2400+,CPU,2001-01-01,130.0,62.0,101.0,63.0,1667.0,Unknown,AMD,,,,12.99,205,15.74,321,24.72,,,1,2008,Socket A,Desktop
1512,AMD Ryzen 7 1700,CPU,2017-03-02,14.0,65.0,192.0,4800.0,3000.0,GF,AMD,,,,152.68,14628,95.81,1985,13.0,65.0,225.05,8,2017,AM4,Desktop
1513,AMD Athlon 64 3000+,CPU,2004-04-27,130.0,32.0,144.0,69.0,1800.0,Unknown,AMD,,,,20.0,303,15.13,506,25.31,89.0,3.4,1,2008,Socket 754,Desktop
1515,AMD Phenom II X6 1045T,CPU,2010-09-01,45.0,95.0,346.0,904.0,2700.0,Unknown,AMD,,,,45.0,3034,67.43,1287,28.59,95.0,31.94,6,2010,AM3,Desktop
1521,AMD Athlon XP 3100+,CPU,2003-12-01,130.0,68.0,,63.0,2200.0,Unknown,AMD,,,,,282,,431,,,,1,2009,unknown,Unknown
1522,AMD Sempron 3600+,CPU,2006-05-17,90.0,62.0,,69.0,2200.0,Unknown,AMD,,,,15.0,364,24.24,377,25.13,62.0,5.86,1,2009,AM2,Desktop
1524,AMD Ryzen 3 PRO 1200,CPU,2017-06-29,14.0,65.0,192.0,4800.0,3100.0,GF,AMD,,,,,6347,,1936,,65.0,97.65,4,2017,AM4,Desktop
1529,AMD Sempron 3400+,CPU,2006-05-17,90.0,25.0,,69.0,2000.0,Unknown,AMD,,,,86.68,292,3.37,346,3.99,62.0,4.71,1,2008,AM2,Desktop
1536,AMD Ryzen Threadripper 2920X,CPU,2018-10-03,12.0,180.0,213.0,19200.0,3500.0,GF,AMD,,,,761.0,25203,33.12,2482,3.26,180.0,140.01,12,2018,sTR4,Desktop
1548,AMD Ryzen 3 2300X,CPU,2018-08-01,14.0,65.0,210.0,4950.0,3500.0,GF,AMD,,,,178.09,7566,42.48,2364,13.28,65.0,116.4,4,2019,AM4,Desktop
1553,AMD Athlon 64 3200+,CPU,2005-05-31,90.0,67.0,156.0,154.0,2000.0,Unknown,AMD,,,,149.95,340,2.27,568,3.79,62.0,5.48,1,2008,AM2,Unknown
1554,AMD A10-7890K,CPU,2016-01-11,28.0,95.0,246.0,1178.0,4000.0,Unknown,AMD,,,,161.99,3477,21.46,1566,9.67,95.0,36.6,2,2016,FM2+,Desktop
1562,AMD Athlon 64 3500+,CPU,2006-05-23,90.0,62.0,183.0,154.0,2200.0,Unknown,AMD,,,,79.95,396,4.95,568,7.1,45.0,8.8,1,2008,AM2,Unknown
1570,AMD Sempron 2500+,CPU,2001-01-01,130.0,62.0,101.0,63.0,1750.0,Unknown,AMD,,,,59.95,207,3.45,405,6.75,,,1,2009,Socket A,Desktop
1574,AMD Athlon 64 3500+,CPU,2004-06-01,130.0,89.0,144.0,69.0,2200.0,Unknown,AMD,,,,79.95,396,4.95,568,7.1,45.0,8.8,1,2008,AM2,Unknown
1575,AMD Ryzen 5 2400G,CPU,2018-02-12,14.0,65.0,210.0,4950.0,3600.0,GF,AMD,,,,214.0,8729,40.79,2158,10.09,65.0,134.29,4,2018,AM4,Desktop
1576,AMD Ryzen 3 3250U,CPU,2020-01-06,12.0,15.0,210.0,4940.0,2600.0,GF,AMD,,,,,3988,,1847,,15.0,265.87,2,2020,FP5,Laptop
1577,AMD Athlon II X2 260u,CPU,2009-10-20,45.0,25.0,117.0,410.0,1800.0,Unknown,AMD,,,,83.44,663,7.94,703,8.42,25.0,26.5,2,2010,AM3,Desktop
1581,AMD Athlon XP 2400+,CPU,2002-08-21,130.0,65.0,80.0,37.0,2000.0,Unknown,AMD,,,,79.99,234,2.93,375,4.69,,,1,2009,unknown,Unknown
1589,AMD Ryzen 5 3600,CPU,2019-07-07,7.0,65.0,74.0,3800.0,3600.0,TSMC,AMD,,,,153.49,17822,116.11,2576,16.78,65.0,274.18,6,2019,AM4,Desktop
1591,AMD Ryzen 5 3580U,CPU,2019-10-22,12.0,15.0,210.0,4940.0,2100.0,GF,AMD,,,,,7846,,2125,,15.0,523.09,4,2019,FP5,Laptop
1597,AMD Ryzen Embedded V1202B,CPU,2018-02-21,14.0,15.0,210.0,4950.0,2300.0,GF,AMD,,,,,3253,,1424,,15.0,216.87,2,2018,FP5,"Laptop, Mobile/Embedded"
1610,AMD Ryzen 5 4600GE,CPU,2020-07-21,7.0,35.0,,,3300.0,TSMC,AMD,,,,,15656,,2605,,35.0,447.31,6,2020,AM4,Desktop
1619,AMD Ryzen 3 2200G,CPU,2018-02-12,14.0,65.0,210.0,4950.0,3500.0,GF,AMD,,,,124.0,6781,54.69,2060,16.61,65.0,104.33,4,2018,AM4,Desktop
1621,AMD EPYC 7F52,CPU,2020-04-14,7.0,155.0,74.0,3800.0,3500.0,TSMC,AMD,,,,3100.0,40951,13.21,2446,0.79,240.0,170.63,16,2020,SP3,Server
1634,AMD Phenom II X6 1075T,CPU,2010-09-21,45.0,125.0,346.0,904.0,3000.0,Unknown,AMD,,,,79.99,3284,41.06,1411,17.64,125.0,26.27,6,2010,AM3,Desktop
1646,AMD Athlon XP 1800+,CPU,2001-10-09,180.0,66.0,150.0,37.0,1533.0,Unknown,AMD,,,,50.95,195,3.83,301,5.9,66.0,2.96,1,2009,Socket A,Desktop
1651,AMD Athlon II X2 240,CPU,2009-07-23,45.0,65.0,117.0,410.0,2800.0,Unknown,AMD,,,,24.95,935,37.46,1027,41.18,65.0,14.38,2,2009,AM3,Desktop
1660,AMD Ryzen 3 1200,CPU,2017-07-27,14.0,65.0,192.0,4800.0,3100.0,GF,AMD,,,,103.55,6304,60.88,1927,18.61,65.0,96.98,4,2017,AM4,Desktop
1667,AMD Sempron 2800+,CPU,2004-08-01,90.0,62.0,84.0,63.0,1600.0,Unknown,AMD,,,,29.95,243,8.11,408,13.63,62.0,3.92,1,2008,AM2,Desktop
1668,AMD Phenom II X2 B53,CPU,2009-10-01,45.0,80.0,258.0,758.0,2800.0,Unknown,AMD,,,,,1126,,1164,,80.0,14.07,2,2009,AM3,Desktop
1669,AMD Athlon II X2 255,CPU,2010-01-25,45.0,65.0,117.0,410.0,3100.0,Unknown,AMD,,,,12.55,1163,92.67,1249,99.53,65.0,17.89,2,2010,AM3,Desktop
1675,AMD Athlon 64 3300+,CPU,2004-04-27,130.0,89.0,144.0,105.0,2400.0,Unknown,AMD,,,,,375,,477,,,,1,2009,unknown,Unknown
1678,AMD Opteron 6276,CPU,2011-11-14,32.0,115.0,316.0,2400.0,2300.0,Unknown,AMD,,,,968.46,6245,6.45,1005,1.04,115.0,54.3,8,2013,Socket G34,Server
1684,AMD FX-4320,CPU,2012-10-23,32.0,95.0,315.0,1200.0,4000.0,Unknown,AMD,,,,,3092,,1552,,95.0,32.55,2,2016,AM3+,Desktop
1701,AMD Ryzen 7 5800HS,CPU,2021-01-12,7.0,35.0,156.0,9800.0,2800.0,TSMC,AMD,,,,,20684,,3060,,35.0,590.97,8,2021,FP6,Laptop
1702,AMD Ryzen Threadripper 3970X,CPU,2019-11-25,7.0,280.0,74.0,3800.0,3700.0,TSMC,AMD,,,,2997.99,63835,21.29,2694,0.9,280.0,227.98,32,2019,sTRX4,Desktop
1708,AMD Ryzen 5 1600,CPU,2017-04-11,14.0,65.0,192.0,4800.0,3200.0,GF,AMD,,,,159.82,12314,77.05,2074,12.98,65.0,189.45,6,2017,AM4,Desktop
1709,AMD Athlon XP 1600+,CPU,2001-10-09,180.0,63.0,150.0,37.0,1400.0,Unknown,AMD,,,,,174,,265,,,,1,2009,unknown,Unknown
1710,AMD Ryzen Threadripper 3990X,CPU,2020-02-07,7.0,280.0,74.0,3800.0,2900.0,TSMC,AMD,,,,8399.69,81568,9.71,2569,0.31,280.0,291.31,64,2020,sTRX4,Desktop
1713,AMD Athlon 64 3200+,CPU,2005-04-14,130.0,62.0,,105.0,2000.0,Unknown,AMD,,,,149.95,340,2.27,568,3.79,62.0,5.48,1,2008,AM2,Unknown
1719,AMD EPYC 7642,CPU,2019-08-07,7.0,225.0,74.0,3800.0,2400.0,TSMC,AMD,,,,3684.0,67748,18.39,2155,0.59,225.0,301.1,48,2021,SP3,Server
1723,AMD Athlon 64 4000+,CPU,2004-10-19,90.0,89.0,115.0,105.0,2400.0,Unknown,AMD,,,,99.95,340,3.4,565,5.65,62.0,5.49,1,2008,AM2,Unknown
1727,AMD Ryzen 7 3700X,CPU,2019-07-07,7.0,65.0,74.0,3800.0,3600.0,TSMC,AMD,,,,367.52,22716,61.81,2680,7.29,65.0,349.48,8,2019,AM4,Desktop
1735,AMD Sempron 3100+,CPU,2001-01-01,130.0,25.0,144.0,69.0,1800.0,Unknown,AMD,,,,65.0,298,4.58,383,5.89,62.0,4.8,1,2009,754,Desktop
1737,AMD Ryzen Threadripper 1920,CPU,2017-07-29,14.0,140.0,213.0,9600.0,3200.0,GF,AMD,,,,,22066,,2299,,140.0,157.62,12,2021,sTR4,Desktop
1751,AMD Athlon XP 1900+,CPU,2001-01-01,130.0,53.0,80.0,37.0,1600.0,Unknown,AMD,,,,45.8,203,4.44,312,6.81,,,1,2009,unknown,Unknown
1760,AMD Athlon 220GE,CPU,2018-12-21,14.0,35.0,192.0,4800.0,3400.0,Unknown,AMD,,,,129.0,4450,34.5,1984,15.38,35.0,127.15,2,2019,AM4,Laptop
1768,AMD Athlon XP 3000+,CPU,2001-01-01,130.0,68.0,101.0,63.0,2167.0,Unknown,AMD,,,,79.7,262,3.29,396,4.97,62.0,4.22,1,2009,Socket A,Desktop
1771,AMD Opteron 3320 EE,CPU,2012-12-04,32.0,25.0,315.0,1200.0,1900.0,Unknown,AMD,,,,548.0,1918,3.5,838,1.53,25.0,76.72,2,2016,AM3+,Server
1772,AMD C-30,CPU,2011-01-04,40.0,9.0,75.0,,1200.0,Unknown,AMD,,,,,178,,375,,9.0,19.83,1,2011,FT1,Laptop
1773,AMD Ryzen 7 4800HS,CPU,2020-01-06,7.0,35.0,156.0,9800.0,2900.0,TSMC,AMD,,,,,18864,,2609,,45.0,419.2,8,2020,FP6,Laptop
1786,AMD Opteron 152,CPU,2005-08-02,90.0,104.0,,106.0,2600.0,Unknown,AMD,,,,,428,,487,,104.0,4.12,1,2009,939,Server
1787,AMD Athlon XP 2000+,CPU,2002-06-10,130.0,60.0,80.0,37.0,1667.0,Unknown,AMD,,,,58.99,195,3.31,311,5.28,70.0,2.79,1,2009,Socket A,Desktop
1797,AMD Athlon II X2 280,CPU,2013-02-06,45.0,65.0,117.0,410.0,3600.0,Unknown,AMD,,,,76.89,1355,17.62,1462,19.02,65.0,20.84,2,2013,AM3,Unknown
1798,AMD Opteron 6366 HE,CPU,2012-11-05,32.0,85.0,315.0,2400.0,1800.0,Unknown,AMD,,,,343.99,4858,14.12,793,2.3,85.0,57.16,8,2014,unknown,Server
1804,AMD Athlon 64 3200+,CPU,2007-02-20,65.0,45.0,77.0,122.0,2000.0,Unknown,AMD,,,,149.95,340,2.27,568,3.79,62.0,5.48,1,2008,AM2,Unknown
1818,AMD Sempron 2800+,CPU,2001-01-01,130.0,62.0,101.0,63.0,2000.0,Unknown,AMD,,,,29.95,243,8.11,408,13.63,62.0,3.92,1,2008,AM2,Desktop
1821,AMD EPYC 7252,CPU,2019-08-07,7.0,120.0,74.0,3800.0,2800.0,TSMC,AMD,,,,381.22,19550,51.28,1992,5.23,120.0,162.92,8,2021,SP3,Server
1826,AMD Sempron 3000+,CPU,2005-02-15,130.0,62.0,144.0,69.0,1800.0,Unknown,AMD,,,,34.95,268,7.66,333,9.53,62.0,4.32,1,2008,AM2,Desktop
1832,AMD Ryzen 5 4600G,CPU,2020-07-21,7.0,65.0,,,3700.0,TSMC,AMD,,,,,15577,,2658,,65.0,239.65,6,2020,AM4,Desktop
1834,AMD Ryzen 7 PRO 2700U,CPU,2017-10-26,14.0,15.0,246.0,,2200.0,GF,AMD,,,,,7372,,2051,,15.0,491.46,4,2018,FP5,Laptop
1842,AMD Sempron 2800+,CPU,2004-07-28,130.0,62.0,80.0,37.0,1992.0,Unknown,AMD,,,,29.95,243,8.11,408,13.63,62.0,3.92,1,2008,AM2,Desktop
1844,AMD Ryzen 5 1600X,CPU,2017-04-11,14.0,95.0,192.0,4800.0,3600.0,GF,AMD,,,,169.46,12943,76.38,2183,12.88,95.0,136.25,6,2017,AM4,Desktop
1848,AMD Athlon 64 2000+,CPU,2008-06-01,65.0,8.0,77.0,122.0,1000.0,Unknown,AMD,,,,,154,,173,,8.0,19.3,1,2013,unknown,Unknown
1850,AMD Athlon 64 3200+,CPU,2004-04-27,130.0,89.0,144.0,69.0,2200.0,Unknown,AMD,,,,149.95,340,2.27,568,3.79,62.0,5.48,1,2008,AM2,Unknown
1857,AMD Ryzen 7 4800H,CPU,2020-01-06,7.0,54.0,156.0,9800.0,2900.0,TSMC,AMD,,,,,19056,,2638,,45.0,423.46,8,2020,FP6,Laptop
1858,AMD Ryzen 5 2500X,CPU,2018-10-01,12.0,65.0,192.0,4800.0,3600.0,GF,AMD,,,,,9384,,2319,,65.0,144.37,4,2019,AM4,Desktop
1869,AMD Athlon Silver 3050GE,CPU,2020-07-21,12.0,35.0,,,3400.0,GF,AMD,,,,,4545,,2016,,35.0,129.87,2,2021,AM4,Laptop
1872,AMD Athlon II X4 645,CPU,2010-09-21,45.0,95.0,169.0,300.0,3100.0,Unknown,AMD,,,,28.85,2298,79.64,1264,43.82,95.0,24.19,4,2010,AM3,Desktop
1878,AMD EPYC 7713P,CPU,2021-03-15,7.0,225.0,,,2000.0,TSMC,AMD,,,,,45860,,2736,,225.0,203.82,64,2022,SP3,Server
1879,AMD EPYC 7351P,CPU,2017-06-29,14.0,170.0,213.0,4800.0,2400.0,GF,AMD,,,,739.0,25484,34.48,1809,2.45,155.0,164.41,16,2017,SP3,Server
1881,AMD Sempron 3300+,CPU,2001-01-01,130.0,62.0,101.0,63.0,2200.0,Unknown,AMD,,,,20.0,315,15.74,394,19.68,62.0,5.08,1,2008,754,Desktop
1882,AMD Athlon XP 1500+,CPU,2001-10-09,180.0,60.0,150.0,63.0,1333.0,Unknown,AMD,,,,,167,,251,,,,1,2009,unknown,Unknown
1890,AMD Phenom II X3 720,CPU,2010-01-01,45.0,95.0,258.0,758.0,2800.0,Unknown,AMD,,,,64.45,1466,22.74,1081,16.77,95.0,15.43,3,2009,AM3,Desktop
1895,AMD EPYC 7453,CPU,2021-03-15,7.0,225.0,,,2750.0,TSMC,AMD,,,,1799.0,53511,29.74,2580,1.43,225.0,237.83,28,2021,SP3,Server
1896,AMD Ryzen Threadripper PRO 3975WX,CPU,2020-07-14,7.0,280.0,74.0,3800.0,3500.0,TSMC,AMD,,,,4499.99,63495,14.11,2666,0.59,280.0,226.77,32,2020,sWRX8,Desktop
1897,AMD Ryzen Threadripper PRO 3945WX,CPU,2020-07-14,7.0,280.0,74.0,3800.0,4000.0,TSMC,AMD,,,,,33417,,2708,,280.0,119.35,12,2020,sWRX8,Desktop
1910,AMD Athlon 64 3400+,CPU,2004-04-27,130.0,89.0,144.0,69.0,2200.0,Unknown,AMD,,,,99.95,375,3.75,429,4.29,89.0,4.21,1,2009,754,Unknown
1912,AMD Ryzen 7 PRO 2700X,CPU,2018-09-19,12.0,95.0,192.0,4800.0,3600.0,GF,AMD,,,,,17221,,2395,,105.0,164.01,8,2018,AM4,Desktop
1915,AMD EPYC 75F3,CPU,2021-03-15,7.0,280.0,,,2950.0,TSMC,AMD,,,,,68505,,2775,,280.0,244.66,32,2021,SP3,Server
1916,AMD EPYC 7343,CPU,2021-03-15,7.0,190.0,,,3200.0,TSMC,AMD,,,,1699.99,45882,26.99,2947,1.73,190.0,241.48,16,2021,SP3,Server
1919,AMD Athlon 64 X2 3800+,CPU,2006-05-23,90.0,89.0,220.0,154.0,2000.0,Unknown,AMD,,,,,566,,745,,89.0,6.36,2,2010,939,Desktop
1920,AMD Ryzen Embedded V1756B,CPU,2018-02-21,14.0,45.0,210.0,4950.0,3250.0,GF,AMD,,,,,8215,,2143,,45.0,182.55,4,2019,FP5,"Desktop, Mobile/Embedded"
1923,AMD Ryzen 7 PRO 4750G,CPU,2020-07-21,7.0,65.0,,,3600.0,TSMC,AMD,,,,299.99,20570,68.57,2710,9.03,65.0,316.46,8,2020,AM4,Desktop
1927,AMD Athlon XP 2200+,CPU,2003-09-01,130.0,63.0,,63.0,1800.0,Unknown,AMD,,,,84.95,214,2.52,335,3.94,,,1,2009,unknown,Unknown
1929,AMD Athlon II X2 215,CPU,2009-10-20,45.0,65.0,117.0,410.0,2700.0,Unknown,AMD,,,,28.97,959,33.09,1041,35.92,65.0,14.75,2,2009,AM3,Desktop
1932,AMD Athlon 64 3200+,CPU,2001-01-01,90.0,59.0,84.0,69.0,2200.0,Unknown,AMD,,,,149.95,340,2.27,568,3.79,62.0,5.48,1,2008,AM2,Unknown
1940,AMD Athlon 240GE,CPU,2018-12-21,14.0,35.0,192.0,4800.0,3500.0,Unknown,AMD,,,,138.0,4551,32.98,1986,14.39,35.0,130.03,2,2019,AM4,Desktop
1944,AMD Athlon 64 4000+,CPU,2004-10-19,130.0,89.0,193.0,106.0,2400.0,Unknown,AMD,,,,99.95,340,3.4,565,5.65,62.0,5.49,1,2008,AM2,Unknown
1946,AMD Opteron 150,CPU,2005-08-02,90.0,85.0,,106.0,2400.0,Unknown,AMD,,,,352.94,393,1.11,471,1.34,85.3,4.6,1,2009,939,Server
1953,AMD Ryzen 7 5800X,CPU,2020-11-05,7.0,105.0,,,3800.0,TSMC,AMD,,,,333.99,28368,84.94,3485,10.43,105.0,270.17,8,2020,AM4,Desktop
1955,AMD Phenom II X3 B77,CPU,2010-05-11,45.0,95.0,258.0,758.0,3200.0,Unknown,AMD,,,,22.29,1844,82.71,1310,58.76,95.0,19.41,3,2012,AM2+/AM3,Unknown
1958,AMD Sempron 3000+,CPU,2005-10-01,90.0,62.0,84.0,63.0,1800.0,Unknown,AMD,,,,34.95,268,7.66,333,9.53,62.0,4.32,1,2008,AM2,Desktop
1963,AMD Sempron 3300+,CPU,2005-04-01,90.0,62.0,84.0,63.0,2000.0,Unknown,AMD,,,,20.0,315,15.74,394,19.68,62.0,5.08,1,2008,754,Desktop
1966,AMD Sempron 3600+,CPU,2006-05-23,90.0,62.0,103.0,81.0,2000.0,Unknown,AMD,,,,15.0,364,24.24,377,25.13,62.0,5.86,1,2009,AM2,Desktop
1968,AMD Opteron 154,CPU,2005-08-02,90.0,104.0,,106.0,2800.0,Unknown,AMD,,,,,457,,534,,104.0,4.39,1,2011,939,Server
1971,AMD Athlon 64 3800+,CPU,2007-02-20,90.0,62.0,230.0,227.0,2400.0,Unknown,AMD,,,,131.01,292,2.23,461,3.52,45.0,6.5,1,2009,AM2,Unknown
1976,AMD Athlon II X3 460,CPU,2011-05-03,45.0,95.0,169.0,300.0,3400.0,Unknown,AMD,,,,16.78,1924,114.68,1390,82.86,95.0,20.26,3,2011,AM3,Desktop
1983,AMD Phenom II X6 1065T,CPU,2010-12-07,45.0,125.0,346.0,904.0,2900.0,Unknown,AMD,,,,99.98,3320,33.2,1359,13.59,95.0,34.94,6,2011,AM3,Desktop
1986,AMD Phenom II X2 550,CPU,2009-11-04,45.0,80.0,258.0,758.0,3100.0,Unknown,AMD,,,,41.91,1169,27.89,1240,29.58,80.0,14.61,2,2009,AM2+/AM3,Desktop
1997,AMD EPYC 7513,CPU,2021-03-15,7.0,200.0,,,2600.0,TSMC,AMD,,,,2840.0,59732,21.03,2447,0.86,200.0,298.66,32,2021,SP3,Server
1998,AMD Ryzen Threadripper 2950X,CPU,2018-08-13,12.0,180.0,213.0,19200.0,3500.0,GF,AMD,,,,990.0,29981,30.28,2488,2.51,180.0,166.56,16,2018,sTR4,Desktop
2002,AMD Athlon XP 3200+,CPU,2001-01-01,130.0,77.0,101.0,63.0,2200.0,Unknown,AMD,,,,,281,,430,,62.0,4.53,1,2008,AM2,Unknown
2004,AMD Athlon 64 2600+,CPU,2008-01-01,65.0,15.0,77.0,122.0,1600.0,Unknown,AMD,,,,,243,,292,,15.0,16.22,1,2013,unknown,Unknown
2009,AMD Sempron 3100+,CPU,2004-07-28,130.0,62.0,144.0,63.0,1800.0,Unknown,AMD,,,,65.0,298,4.58,383,5.89,62.0,4.8,1,2009,754,Desktop
2021,AMD Athlon XP 1700+,CPU,2001-10-09,180.0,64.0,150.0,37.0,1467.0,Unknown,AMD,,,,51.25,176,3.44,272,5.3,64.0,2.75,1,2009,Socket A (462),Desktop
2022,AMD Opteron 254,CPU,2005-08-01,90.0,92.0,,106.0,2800.0,Unknown,AMD,,,,,451,,578,,68.0,6.63,1,2012,940,Server
2029,AMD Sempron LE-1200,CPU,2007-08-01,65.0,45.0,,,2100.0,Unknown,AMD,,,,14.95,349,23.32,551,36.89,45.0,7.75,1,2009,AM2,Desktop
2033,AMD Ryzen 5 4500U,CPU,2020-01-06,7.0,25.0,156.0,9800.0,2300.0,TSMC,AMD,,,,,11098,,2454,,15.0,739.83,6,2020,FP6,Laptop
2041,AMD Athlon 64 FX-55,CPU,2004-10-10,130.0,104.0,193.0,105.0,2600.0,Unknown,AMD,,,,65.0,404,6.22,505,7.77,104.0,3.89,1,2009,939,Desktop
2047,AMD Sempron 2200+,CPU,2004-07-28,130.0,62.0,80.0,37.0,1500.0,Unknown,AMD,,,,39.95,184,4.6,279,6.99,,,1,2009,Socket A,Desktop
2051,AMD EPYC 7282,CPU,2019-08-07,7.0,120.0,74.0,3800.0,2800.0,TSMC,AMD,,,,722.97,31631,43.75,1987,2.75,120.0,263.59,16,2019,SP3,Server
2054,AMD Athlon 64 4000+,CPU,2005-08-16,130.0,62.0,,105.0,2600.0,Unknown,AMD,,,,99.95,340,3.4,565,5.65,62.0,5.49,1,2008,AM2,Unknown
2058,AMD Ryzen 7 3800X,CPU,2019-07-07,7.0,105.0,74.0,3800.0,3900.0,TSMC,AMD,,,,248.59,23275,93.63,2735,11.0,105.0,221.67,8,2019,AM4,Desktop
2066,AMD Athlon XP 2800+,CPU,2002-10-01,130.0,74.0,80.0,37.0,2250.0,Unknown,AMD,,,,,260,,408,,89.0,2.93,1,2009,754,Unknown
2067,AMD Ryzen 7 PRO 1700X,CPU,2017-06-29,14.0,95.0,192.0,4800.0,3400.0,GF,AMD,,,,,15530,,2231,,95.0,163.47,8,2017,AM4,Desktop
2071,AMD Athlon 64 3700+,CPU,2004-05-04,90.0,89.0,115.0,105.0,2200.0,Unknown,AMD,,,,89.95,394,4.38,435,4.83,89.0,4.42,1,2008,939,Desktop
2072,AMD Ryzen 5 3550H,CPU,2019-01-06,12.0,35.0,210.0,4940.0,2100.0,GF,AMD,,,,,7994,,2078,,35.0,228.4,4,2019,FP5,Laptop
2073,AMD Athlon XP 2600+,CPU,2003-09-01,130.0,68.0,,63.0,2133.0,Unknown,AMD,,,,23.03,242,10.52,380,16.49,,,1,2008,unknown,Unknown
2075,AMD Ryzen 7 2700E,CPU,2018-09-19,12.0,65.0,192.0,4800.0,2800.0,GF,AMD,,,,,14657,,2410,,45.0,325.72,8,2019,AM4,Desktop
2079,AMD EPYC 7302P,CPU,2019-08-07,7.0,155.0,74.0,3800.0,3000.0,TSMC,AMD,,,,2069.95,32480,15.69,1878,0.91,155.0,209.55,16,2019,SP3,Server
2084,AMD Athlon XP 2700+,CPU,2002-10-01,130.0,68.0,80.0,37.0,2167.0,Unknown,AMD,,,,84.79,256,3.02,398,4.69,,,1,2008,unknown,Unknown
2086,AMD Athlon XP 2100+,CPU,2001-01-01,130.0,62.0,80.0,37.0,1733.0,Unknown,AMD,,,,63.75,210,3.3,327,5.12,,,1,2009,unknown,Unknown
2092,AMD Athlon 64 FX-55,CPU,2004-10-10,90.0,104.0,115.0,114.0,2600.0,Unknown,AMD,,,,65.0,404,6.22,505,7.77,104.0,3.89,1,2009,939,Desktop
2101,AMD Athlon 64 3400+,CPU,2005-04-14,130.0,83.0,,105.0,2200.0,Unknown,AMD,,,,99.95,375,3.75,429,4.29,89.0,4.21,1,2009,754,Unknown
2107,AMD Ryzen Threadripper 3960X,CPU,2019-11-25,7.0,280.0,74.0,3800.0,3800.0,TSMC,AMD,,,,1682.9,54757,32.54,2678,1.59,280.0,195.56,24,2019,sTRX4,Desktop
2111,AMD Sempron LE-1100,CPU,2007-08-01,65.0,45.0,,,1900.0,Unknown,AMD,,,,34.95,315,9.02,509,14.56,45.0,7.01,1,2009,AM2,Desktop
2114,AMD Sempron 3300+,CPU,2005-07-15,90.0,25.0,,69.0,2000.0,Unknown,AMD,,,,20.0,315,15.74,394,19.68,62.0,5.08,1,2008,754,Desktop
2116,AMD EPYC 7352,CPU,2019-08-07,7.0,155.0,74.0,3800.0,2400.0,TSMC,AMD,,,,1280.0,40472,31.62,1995,1.56,155.0,261.11,24,2021,SP3,Server
2119,AMD Athlon 64 3000+,CPU,2004-04-27,130.0,89.0,144.0,69.0,2000.0,Unknown,AMD,,,,20.0,303,15.13,506,25.31,89.0,3.4,1,2008,Socket 754,Desktop
2123,AMD Ryzen 3 3300U,CPU,2019-01-06,12.0,15.0,210.0,4940.0,2100.0,GF,AMD,,,,,5803,,1899,,15.0,386.88,4,2019,FP5,Laptop
2125,AMD Athlon 64 X2 3800+,CPU,2005-08-01,90.0,89.0,156.0,154.0,2000.0,Unknown,AMD,,,,,566,,745,,89.0,6.36,2,2010,939,Desktop
2127,AMD Ryzen 5 4600H,CPU,2020-01-06,7.0,54.0,156.0,9800.0,3000.0,TSMC,AMD,,,,,14735,,2461,,45.0,327.45,6,2020,FP6,Laptop
2128,AMD Ryzen 3 PRO 2300U,CPU,2019-01-08,14.0,15.0,246.0,,2000.0,GF,AMD,,,,,5982,,1853,,15.0,398.8,4,2018,FP5,Laptop
2129,AMD E-240,CPU,2011-01-04,40.0,18.0,75.0,,1500.0,Unknown,AMD,,,,,182,,385,,18.0,10.11,1,2011,FT1,Laptop
2136,AMD Athlon 64 3000+,CPU,2005-04-04,90.0,67.0,83.0,69.0,1800.0,Unknown,AMD,,,,20.0,303,15.13,506,25.31,89.0,3.4,1,2008,Socket 754,Desktop
2140,AMD Sempron 3500+,CPU,2006-05-23,90.0,62.0,103.0,81.0,2000.0,Unknown,AMD,,,,24.99,232,9.28,264,10.56,62.0,3.74,1,2009,AM2,Desktop
2144,AMD Sempron 3000+,CPU,2005-04-01,90.0,62.0,84.0,63.0,1800.0,Unknown,AMD,,,,34.95,268,7.66,333,9.53,62.0,4.32,1,2008,AM2,Desktop
2146,AMD Ryzen 9 5980HS,CPU,2021-01-12,7.0,35.0,156.0,9800.0,3000.0,TSMC,AMD,,,,,21412,,3145,,35.0,611.76,8,2021,FP6,Laptop
2150,AMD Opteron 148,CPU,2005-08-02,90.0,85.0,,106.0,2200.0,Unknown,AMD,,,,,392,,443,,85.3,4.6,1,2009,939,Server
2151,AMD EPYC 7351,CPU,2017-06-29,14.0,170.0,213.0,4800.0,2400.0,GF,AMD,,,,883.99,23566,26.66,1821,2.06,155.0,152.04,16,2019,SP3,Server
2157,AMD Athlon II X2 210e,CPU,2010-09-21,45.0,45.0,117.0,410.0,2600.0,Unknown,AMD,,,,28.49,1105,38.79,1105,38.8,45.0,24.56,2,2010,AM3,Desktop
2166,AMD EPYC 7643,CPU,2021-03-15,7.0,225.0,,,2300.0,TSMC,AMD,,,,5424.99,76455,14.09,2695,0.5,225.0,339.8,48,2021,SP3,Server
2168,AMD Ryzen 3 2200U,CPU,2018-01-08,14.0,15.0,246.0,,2500.0,GF,AMD,,,,,3686,,1681,,15.0,245.72,2,2017,FP5,Laptop
2176,AMD Opteron 4332 HE,CPU,2012-12-04,32.0,65.0,315.0,1200.0,3000.0,Unknown,AMD,,,,36.99,3906,105.59,1413,38.19,65.0,60.09,6,2015,Socket C32,Server
2180,AMD EPYC 7262,CPU,2019-08-07,7.0,155.0,74.0,3800.0,3100.0,TSMC,AMD,,,,571.95,20827,36.41,2026,3.54,155.0,134.37,8,2019,SP3,Server
2186,AMD Sempron 3000+,CPU,2005-07-15,90.0,62.0,,69.0,1800.0,Unknown,AMD,,,,34.95,268,7.66,333,9.53,62.0,4.32,1,2008,AM2,Desktop
2188,AMD Ryzen 9 4900H,CPU,2020-03-16,7.0,54.0,156.0,9800.0,3300.0,TSMC,AMD,,,,,19339,,2733,,45.0,429.76,8,2020,FP6,Laptop
