Unnamed: 0,GPUname,Type,Release Date,Process Size (nm),TDP (W),Die Size (mm^2),Transistors (million),Freq (MHz),Foundry,Vendor,FP16 GFLOPS,FP32 GFLOPS,FP64 GFLOPS
2203,wii u gpu,GPU,2012-11-18,40.0,33.0,146.0,880.0,550.0,Renesas,AMD,,176.0,
2204,radeon rx 6800,GPU,2020-10-28,7.0,250.0,520.0,26800.0,1700.0,TSMC,AMD,32330.0,16170.000000000002,1010.0
2209,radeon hd 8400 igp,GPU,2013-11-23,28.0,25.0,110.0,1178.0,600.0,TSMC,AMD,,153.6,9.6
2217,radeon r7 mobile graphics,GPU,2015-11-15,28.0,15.0,125.0,1200.0,200.0,GF,AMD,737.3,737.3,368.6
2223,radeon rx 560 xt,GPU,2019-03-13,14.0,150.0,232.0,5700.0,1074.0,GF,AMD,4394.0,4394.0,274.6
2228,radeon hd 7350 oem,GPU,2012-01-05,40.0,19.0,59.0,292.0,650.0,TSMC,AMD,,104.0,
2232,radeon r7 m445,GPU,2016-05-15,28.0,,125.0,1550.0,780.0,TSMC,AMD,588.8,588.8,36.8
2242,radeon r5 m255,GPU,2014-10-12,28.0,,125.0,1550.0,925.0,TSMC,AMD,721.9,721.9,45.12
2246,radeon hd 7450a,GPU,2012-01-05,40.0,25.0,67.0,370.0,625.0,TSMC,AMD,,200.0,
2255,radeon pro vega ii,GPU,2019-06-03,7.0,475.0,331.0,13230.0,1574.0,TSMC,AMD,28180.0,14090.0,880.6
2258,radeon e8870,GPU,2015-09-29,28.0,75.0,160.0,2080.0,1000.0,TSMC,AMD,,1536.0,96.0
2263,radeon pro 5300,GPU,2020-08-04,7.0,85.0,158.0,6400.0,1000.0,TSMC,AMD,8448.0,4224.0,264.0
2284,radeon hd 8790m,GPU,2013-04-01,28.0,,77.0,950.0,850.0,TSMC,AMD,,691.2,43.2
2286,radeon r7 340 oem,GPU,2015-05-05,28.0,50.0,77.0,950.0,730.0,TSMC,AMD,,599.0,37.44
2289,radeon rx 580 oem,GPU,2016-06-29,14.0,150.0,232.0,5700.0,1120.0,GF,AMD,5834.0,5834.0,364.6
2291,radeon 550x mobile,GPU,2018-04-11,14.0,50.0,103.0,2200.0,1100.0,GF,AMD,1647.0,1647.0,103.0
2301,radeon rx 570,GPU,2017-04-18,14.0,150.0,232.0,5700.0,1168.0,GF,AMD,5095.0,5095.0,318.5
2305,radeon hd 6310 igp,GPU,2010-11-09,40.0,18.0,75.0,450.0,488.0,TSMC,AMD,,78.08,
2308,radeon r7 250 oem,GPU,2013-10-08,28.0,65.0,77.0,950.0,1000.0,TSMC,AMD,,806.4,50.4
2316,radeon r7 240,GPU,2013-10-08,28.0,30.0,77.0,950.0,730.0,TSMC,AMD,,499.2,
2321,radeon hd 7510m,GPU,2012-01-07,40.0,11.0,104.0,716.0,450.0,TSMC,AMD,,360.0,
2322,radeon r6 mobile graphics,GPU,2015-11-07,28.0,15.0,125.0,1200.0,200.0,GF,AMD,553.0,553.0,276.5
2328,radeon hd 6990,GPU,2011-03-08,40.0,375.0,389.0,2640.0,830.0,TSMC,AMD,,2550.0,637.4
2332,radeon r5 a240,GPU,2014-01-01,28.0,,56.0,690.0,1030.0,TSMC,AMD,,659.2,
2344,radeon hd 6630m,GPU,2011-01-04,40.0,26.0,104.0,716.0,500.0,TSMC,AMD,,480.0,
2345,radeon r5 330 oem,GPU,2015-05-05,28.0,50.0,56.0,690.0,830.0,TSMC,AMD,,547.2,
2347,radeon hd 7730m,GPU,2012-04-24,28.0,25.0,123.0,1500.0,575.0,TSMC,AMD,,691.2,43.2
2348,radeon hd 7670a,GPU,2012-01-05,40.0,45.0,118.0,716.0,600.0,TSMC,AMD,,576.0,
2349,radeon hd 7310 igp,GPU,2012-06-06,40.0,18.0,75.0,450.0,500.0,TSMC,AMD,,80.0,
2352,firepro s9100,GPU,2014-10-02,28.0,225.0,438.0,6200.0,824.0,TSMC,AMD,,4219.0,2109.0
2353,radeon hd 6650m,GPU,2011-01-04,40.0,,104.0,716.0,600.0,TSMC,AMD,,576.0,
2354,radeon hd 7570m,GPU,2012-01-07,40.0,13.0,104.0,716.0,500.0,TSMC,AMD,,480.0,
2355,firepro w4300,GPU,2015-12-01,28.0,50.0,160.0,2080.0,930.0,TSMC,AMD,,1428.0,89.28
2356,radeon vega 10 mobile,GPU,2019-01-08,14.0,10.0,210.0,4940.0,300.0,GF,AMD,3331.0,1665.0,104.1
2362,radeon r7 m380,GPU,2015-05-05,28.0,,123.0,1500.0,900.0,TSMC,AMD,,1171.0,73.2
2365,radeon hd 7570,GPU,2012-01-05,40.0,60.0,118.0,716.0,650.0,TSMC,AMD,,624.0,
2370,radeon hd 7770 ghz edition,GPU,2012-02-15,28.0,80.0,123.0,1500.0,1000.0,TSMC,AMD,,1280.0,80.0
2378,radeon e6465,GPU,2015-09-29,40.0,25.0,67.0,370.0,600.0,TSMC,AMD,,192.0,
2382,radeon r4 mobile graphics,GPU,2016-06-01,28.0,15.0,125.0,1200.0,200.0,GF,AMD,251.5,251.5,15.72
2383,radeon r5 graphics,GPU,2014-09-17,28.0,15.0,245.0,2410.0,497.0,GF,AMD,,254.5,15.9
2395,radeon r5 a230,GPU,2014-01-07,28.0,,56.0,690.0,780.0,TSMC,AMD,,547.2,34.2
2397,radeon hd 7450m,GPU,2012-01-07,40.0,7.0,67.0,370.0,700.0,TSMC,AMD,,224.0,
2402,radeon r3 mobile graphics,GPU,2015-01-28,28.0,15.0,107.0,930.0,600.0,GF,AMD,,153.6,9.6
2406,radeon hd 7600g igp,GPU,2012-09-01,32.0,19.0,246.0,1303.0,320.0,TSMC,AMD,,325.6,
2407,radeon hd 6970m,GPU,2011-01-04,40.0,75.0,212.0,1700.0,680.0,TSMC,AMD,,1306.0,
2416,radeon hd 6320 igp,GPU,2011-08-15,40.0,18.0,75.0,450.0,508.0,TSMC,AMD,,81.28,
2420,radeon rx 6600m,GPU,NaT,7.0,150.0,236.0,,1489.0,TSMC,AMD,15090.0,7544.0,471.5
2426,firepro s10000 passive 12gb,GPU,2014-03-01,28.0,375.0,352.0,4313.0,825.0,TSMC,AMD,,3405.0,851.2
2427,radeon hd 7620g igp,GPU,2012-05-15,32.0,25.0,246.0,1303.0,360.0,TSMC,AMD,,381.7,
2430,radeon pro duo,GPU,2016-04-26,28.0,350.0,596.0,8900.0,1000.0,TSMC,AMD,8192.0,8192.0,512.0
2431,radeon pro 5500m,GPU,2019-11-13,7.0,85.0,158.0,6400.0,1000.0,TSMC,AMD,8909.0,4454.0,278.4
2433,radeon r3e mobile graphics,GPU,2015-01-28,28.0,100.0,107.0,930.0,351.0,GF,AMD,,89.86,5.616
2442,radeon rx 5300m,GPU,2019-11-13,7.0,85.0,158.0,6400.0,1000.0,TSMC,AMD,8138.0,4069.0,254.3
2444,firepro s9170,GPU,2015-07-08,28.0,275.0,438.0,6200.0,930.0,TSMC,AMD,,5238.0,2619.0
2448,radeon hd 6625m,GPU,2011-01-04,40.0,26.0,104.0,716.0,450.0,TSMC,AMD,,432.0,
2451,radeon vega 8 embedded,GPU,2018-04-19,14.0,35.0,210.0,4940.0,300.0,GF,AMD,2255.0,1127.0,70.46
2458,radeon hd 7510 oem,GPU,2013-02-01,40.0,39.0,118.0,716.0,650.0,TSMC,AMD,,416.0,
2459,radeon r7 370,GPU,2015-06-18,28.0,110.0,212.0,2800.0,925.0,TSMC,AMD,,1997.0,124.8
2463,radeon r3 mobile graphics,GPU,2016-06-01,28.0,15.0,125.0,1200.0,200.0,GF,AMD,167.7,167.7,10.48
2464,radeon vega 8 embedded,GPU,2018-02-13,14.0,15.0,210.0,4940.0,300.0,GF,AMD,2253.0,1126.0,70.4
2468,radeon r9 290x,GPU,2013-10-24,28.0,290.0,438.0,6200.0,1000.0,TSMC,AMD,,5632.0,704.0
2469,radeon r9 270,GPU,2013-11-13,28.0,150.0,212.0,2800.0,900.0,TSMC,AMD,,2368.0,148.0
2470,radeon rx 5700 xt,GPU,2019-07-07,7.0,225.0,251.0,10300.0,1605.0,TSMC,AMD,19510.0,9754.0,609.6
2477,radeon r7 m260dx,GPU,2014-01-07,28.0,,56.0,690.0,955.0,TSMC,AMD,,659.2,41.2
2479,radeon hd 7480d igp,GPU,2012-10-02,32.0,65.0,246.0,1303.0,720.0,TSMC,AMD,,184.3,
2481,radeon hd 6970,GPU,2010-12-14,40.0,250.0,389.0,2640.0,880.0,TSMC,AMD,,2703.0,675.8
2482,radeon r7 250xe,GPU,2014-08-21,28.0,80.0,123.0,1500.0,860.0,TSMC,AMD,,1101.0,68.8
2484,radeon hd 7970 x2,GPU,2012-08-31,28.0,500.0,352.0,4313.0,925.0,TSMC,AMD,,3789.0,947.2
2493,radeon r5 230,GPU,2014-04-03,40.0,19.0,67.0,370.0,625.0,TSMC,AMD,,200.0,
2495,radeon hd 7970,GPU,2011-12-22,28.0,250.0,352.0,4313.0,925.0,TSMC,AMD,,3789.0,947.2
2496,radeon rx 6700m,GPU,NaT,7.0,180.0,335.0,17200.0,1489.0,TSMC,AMD,20740.0,10370.0,648.0
2499,radeon e9171 mcm,GPU,2017-10-03,14.0,40.0,103.0,2200.0,1124.0,GF,AMD,1248.0,1248.0,78.02
2504,radeon e8860,GPU,2014-01-25,28.0,37.0,123.0,1500.0,575.0,TSMC,AMD,,800.0,50.0
2505,radeon pro vega 16,GPU,2018-11-14,14.0,75.0,,,815.0,GF,AMD,4874.0,2437.0,152.3
2512,radeon r9 m485x,GPU,2016-05-15,28.0,250.0,366.0,5000.0,723.0,TSMC,AMD,2961.0,2961.0,185.1
2518,radeon rx vega 11,GPU,2019-07-07,14.0,15.0,210.0,4940.0,300.0,GF,AMD,3942.0,1971.0,123.2
2521,radeon r5 235x oem,GPU,2013-12-21,40.0,18.0,67.0,370.0,875.0,TSMC,AMD,,280.0,
2523,radeon pro duo polaris,GPU,2017-04-24,14.0,250.0,232.0,5700.0,1243.0,GF,AMD,5728.0,5728.0,358.0
2524,radeon rx 550x,GPU,2018-12-16,14.0,50.0,103.0,2200.0,1100.0,GF,AMD,1211.0,1211.0,75.71
2526,radeon rx 560 mobile,GPU,2017-01-05,14.0,55.0,123.0,3000.0,1000.0,GF,AMD,1887.0,1887.0,117.9
2530,firepro w4000,GPU,2012-08-07,28.0,75.0,212.0,2800.0,825.0,TSMC,AMD,,1267.0,79.2
2535,radeon e9550 mxm,GPU,2016-09-27,14.0,95.0,232.0,5700.0,1120.0,GF,AMD,5834.0,5834.0,364.6
2538,radeon hd 8670a,GPU,2013-02-02,28.0,45.0,77.0,950.0,600.0,TSMC,AMD,,460.8,28.8
2540,radeon r9 285x,GPU,NaT,28.0,200.0,366.0,5000.0,1002.0,TSMC,AMD,,4104.0,
2544,radeon r7 a265,GPU,2014-01-09,28.0,,77.0,950.0,725.0,TSMC,AMD,,633.6,39.6
2552,radeon r5 a255,GPU,2014-01-01,28.0,,125.0,1550.0,925.0,TSMC,AMD,,721.9,
2556,firepro w8100,GPU,2014-06-23,28.0,220.0,438.0,6200.0,824.0,TSMC,AMD,,4219.0,2109.0
2562,radeon r7 graphics,GPU,2014-02-17,28.0,90.0,245.0,2410.0,720.0,GF,AMD,,553.0,34.56
2567,radeon r8 m535dx,GPU,2017-04-18,28.0,,125.0,1550.0,780.0,TSMC,AMD,570.2,570.2,35.64
2570,firepro s7100x,GPU,2016-05-25,28.0,100.0,366.0,5000.0,725.0,TSMC,AMD,2970.0,2970.0,185.6
2572,radeon hd 8860 oem,GPU,2013-01-08,28.0,175.0,212.0,2800.0,925.0,TSMC,AMD,,2368.0,148.0
2575,radeon hd 6250 igp,GPU,2012-10-09,40.0,7.0,75.0,450.0,276.0,TSMC,AMD,,44.16,
2580,radeon r7 m260x,GPU,2015-12-06,28.0,,77.0,950.0,620.0,TSMC,AMD,,549.1,
2582,radeon r5 m230 rebrand,GPU,2014-05-31,28.0,,56.0,690.0,780.0,TSMC,AMD,,544.0,34.0
2585,radeon hd 7340 igp,GPU,2012-06-06,40.0,18.0,75.0,450.0,523.0,TSMC,AMD,,83.68,
2586,radeon rx 460 mobile,GPU,2016-08-08,14.0,55.0,123.0,3000.0,1000.0,GF,AMD,2115.0,2115.0,132.2
2588,radeon vega 8 mobile,GPU,2021-01-12,7.0,45.0,156.0,9800.0,300.0,TSMC,AMD,4096.0,2048.0,128.0
2598,radeon pro 450,GPU,2016-10-30,14.0,35.0,123.0,3000.0,800.0,GF,AMD,1024.0,1024.0,64.0
2602,radeon graphics 384sp,GPU,2020-01-06,7.0,15.0,156.0,9800.0,400.0,TSMC,AMD,2304.0,1152.0,72.0
2606,radeon hd 7950 monica bios 1,GPU,2012-01-31,28.0,185.0,352.0,4313.0,925.0,TSMC,AMD,,2842.0,710.4
2607,radeon r7 260,GPU,2013-12-17,28.0,95.0,160.0,2080.0,1000.0,TSMC,AMD,,1536.0,96.0
2614,radeon pro v520,GPU,2020-12-01,7.0,225.0,,,1000.0,TSMC,AMD,14750.0,7373.0,460.8
2617,firepro m8900,GPU,2011-04-12,40.0,75.0,212.0,1700.0,680.0,TSMC,AMD,,1306.0,
2618,radeon hd 8250 igp,GPU,2013-05-23,28.0,8.0,110.0,1178.0,300.0,TSMC,AMD,,102.4,6.4
2620,radeon hd 6630m mac edition,GPU,2011-01-04,40.0,26.0,104.0,716.0,500.0,TSMC,AMD,,480.0,
2621,radeon r9 m275,GPU,2014-01-28,28.0,,123.0,1500.0,900.0,TSMC,AMD,,1184.0,74.0
2636,radeon hd 6850 x2,GPU,2011-09-19,40.0,254.0,255.0,1700.0,800.0,TSMC,AMD,,1536.0,
2637,radeon hd 7970 ghz edition,GPU,2012-06-22,28.0,300.0,352.0,4313.0,1000.0,TSMC,AMD,,4301.0,1075.0
2639,radeon e9172 mxm,GPU,2017-10-03,14.0,35.0,103.0,2200.0,1124.0,GF,AMD,1248.0,1248.0,78.02
2640,radeon hd 8280 igp,GPU,2013-09-18,28.0,15.0,110.0,1178.0,450.0,TSMC,AMD,,115.2,7.2
2649,radeon hd 7370m,GPU,2012-01-07,40.0,11.0,59.0,292.0,750.0,TSMC,AMD,,120.0,
2654,radeon r5 240 oem,GPU,2013-11-01,28.0,50.0,77.0,950.0,730.0,TSMC,AMD,,599.0,37.44
2659,radeon r2 mobile graphics,GPU,2016-06-01,28.0,15.0,125.0,1200.0,200.0,GF,AMD,153.6,153.6,9.6
2660,radeon 540x mobile,GPU,2018-09-05,14.0,50.0,103.0,2200.0,980.0,GF,AMD,1071.0,1071.0,66.94
2663,radeon r8 m365dx,GPU,2015-06-03,28.0,,125.0,1550.0,900.0,TSMC,AMD,864.0,864.0,54.0
2664,radeon r9 380 oem,GPU,2015-05-05,28.0,190.0,366.0,5000.0,918.0,TSMC,AMD,3290.0,3290.0,205.6
2666,playstation 4 slim gpu,GPU,2016-09-07,16.0,75.0,209.0,,800.0,TSMC,AMD,1843.0,1843.0,
2668,radeon hd 6870 1600sp edition,GPU,2013-01-14,40.0,175.0,334.0,2154.0,850.0,TSMC,AMD,,2720.0,544.0
2676,radeon rx 640 mobile,GPU,2019-05-13,14.0,50.0,103.0,2200.0,1082.0,GF,AMD,1559.0,1559.0,97.44
2681,radeon r9 m295x,GPU,2014-11-23,28.0,250.0,366.0,5000.0,723.0,TSMC,AMD,2961.0,2961.0,185.1
2685,radeon hd 7990,GPU,2013-04-24,28.0,375.0,365.0,4313.0,950.0,TSMC,AMD,,4096.0,1024.0
2687,radeon rx 560 mobile,GPU,2017-01-05,14.0,55.0,123.0,3000.0,784.0,GF,AMD,1849.0,1849.0,115.6
2699,radeon hd 7470a,GPU,2012-01-05,40.0,18.0,104.0,627.0,775.0,TSMC,AMD,,620.0,
2700,radeon r5 310 oem,GPU,2015-05-05,40.0,35.0,67.0,370.0,775.0,TSMC,AMD,,248.0,
2703,radeon hd 6430m,GPU,2011-01-04,40.0,,67.0,370.0,480.0,TSMC,AMD,,153.6,
2710,radeon hd 6490m mac edition,GPU,2011-05-02,40.0,,67.0,370.0,750.0,TSMC,AMD,,240.0,
2714,radeon r7 450 oem,GPU,2016-06-30,28.0,65.0,123.0,1500.0,925.0,TSMC,AMD,,947.2,59.2
2716,radeon hd 6610m,GPU,2011-01-04,40.0,26.0,104.0,716.0,450.0,TSMC,AMD,,432.0,
2718,radeon r9 m395x mac edition,GPU,2015-05-05,28.0,250.0,366.0,5000.0,909.0,TSMC,AMD,3723.0,3723.0,232.7
2719,radeon pro ssg,GPU,2017-08-08,14.0,260.0,495.0,12500.0,1440.0,GF,AMD,24580.0,12290.0,768.0
2729,radeon e6760 mxm,GPU,2011-05-02,40.0,45.0,118.0,716.0,600.0,TSMC,AMD,,576.0,
2730,firepro w7100,GPU,2014-08-12,28.0,150.0,366.0,5000.0,920.0,TSMC,AMD,3297.0,3297.0,206.1
2736,radeon 520 mobile,GPU,2017-04-18,28.0,50.0,56.0,690.0,1030.0,TSMC,AMD,,659.2,41.2
2738,radeon hd 8950m,GPU,2013-05-14,28.0,100.0,160.0,2080.0,1075.0,TSMC,AMD,,1651.0,103.2
2740,radeon r7 m465,GPU,2016-05-15,28.0,,125.0,1550.0,1100.0,TSMC,AMD,864.0,864.0,54.0
2743,radeon rx 6600 xt,GPU,NaT,7.0,180.0,236.0,,1489.0,TSMC,AMD,20480.0,10240.0,640.0
2747,radeon hd 8730m,GPU,2013-04-01,28.0,,77.0,950.0,650.0,TSMC,AMD,,537.6,33.6
2749,radeon e8950,GPU,2015-09-29,28.0,95.0,366.0,5000.0,735.0,TSMC,AMD,4096.0,4096.0,256.0
2750,radeon r4 mobile graphics,GPU,2014-09-17,28.0,17.0,245.0,2410.0,533.0,GF,AMD,,204.7,12.79
2754,radeon pro 555x,GPU,2018-07-16,14.0,75.0,123.0,3000.0,907.0,GF,AMD,1393.0,1393.0,87.07
2757,radeon r9 370x,GPU,2015-08-27,28.0,180.0,212.0,2800.0,980.0,TSMC,AMD,,2637.0,164.8
2758,radeon vega 3 mobile,GPU,2019-01-06,14.0,15.0,210.0,4940.0,300.0,GF,AMD,768.8,384.4,24.02
2759,radeon r7 m265dx,GPU,2014-01-07,28.0,,56.0,690.0,780.0,TSMC,AMD,,547.2,34.2
2761,radeon hd 7950m,GPU,2012-04-24,28.0,75.0,212.0,2800.0,700.0,TSMC,AMD,,1792.0,
2763,radeon vega 8,GPU,2018-02-12,14.0,65.0,210.0,4940.0,300.0,GF,AMD,2253.0,1126.0,70.4
2767,radeon r7 360,GPU,2015-06-18,28.0,100.0,160.0,2080.0,1000.0,TSMC,AMD,,1613.0,100.8
2768,radeon r7 m260dx,GPU,2014-10-12,28.0,,125.0,1550.0,925.0,TSMC,AMD,721.9,721.9,45.12
2782,radeon vega 11 embedded,GPU,2018-02-13,14.0,35.0,210.0,4940.0,300.0,GF,AMD,3664.0,1832.0,114.5
2793,radeon hd 7670 oem,GPU,2012-01-05,40.0,66.0,118.0,716.0,800.0,TSMC,AMD,,768.0,
2795,radeon pro 5700 xt,GPU,2020-08-04,7.0,130.0,251.0,10300.0,1243.0,TSMC,AMD,15350.0,7675.0,479.7
2798,radeon r5 435 oem,GPU,2016-06-30,28.0,50.0,56.0,690.0,1030.0,TSMC,AMD,,659.2,41.2
2803,radeon hd 6350,GPU,2011-02-07,40.0,19.0,59.0,292.0,650.0,TSMC,AMD,,104.0,
2804,radeon hd 6870,GPU,2010-10-21,40.0,151.0,255.0,1700.0,900.0,TSMC,AMD,,2016.0,
2810,radeon r9 m270x,GPU,2015-02-05,28.0,,160.0,2080.0,900.0,TSMC,AMD,,1536.0,96.0
2812,radeon rx 560 896sp,GPU,2017-07-04,14.0,45.0,123.0,3000.0,1090.0,GF,AMD,2106.0,2106.0,131.6
2813,radeon hd 8350g igp,GPU,2013-03-12,32.0,35.0,246.0,1303.0,514.0,TSMC,AMD,,184.3,
2815,radeon hd 8990 oem,GPU,2013-04-24,28.0,375.0,365.0,4313.0,950.0,TSMC,AMD,,4096.0,1024.0
2818,radeon pro 5700,GPU,2020-08-04,7.0,130.0,251.0,10300.0,1243.0,TSMC,AMD,12440.0,6221.0,388.8
2819,radeon hd 8550g igp,GPU,2013-05-23,32.0,35.0,246.0,1303.0,515.0,TSMC,AMD,,337.9,
2821,radeon hd 6550a,GPU,2011-02-07,40.0,35.0,104.0,627.0,550.0,TSMC,AMD,,528.0,
2822,radeon hd 6530,GPU,2011-05-14,40.0,39.0,104.0,627.0,650.0,TSMC,AMD,,520.0,
2824,firepro w4100,GPU,2014-08-13,28.0,50.0,123.0,1500.0,630.0,TSMC,AMD,,645.1,40.32
2826,radeon rx vega 11,GPU,2018-02-12,14.0,65.0,210.0,4940.0,300.0,GF,AMD,3492.0,1746.0,109.1
2827,radeon rx 550 512sp,GPU,2017-10-13,14.0,50.0,123.0,3000.0,1019.0,GF,AMD,1097.0,1097.0,68.54
2829,radeon r9 m380,GPU,2015-05-05,28.0,,160.0,2080.0,900.0,TSMC,AMD,,1536.0,96.0
2831,radeon pro wx 7100,GPU,2016-11-10,14.0,130.0,232.0,5700.0,1188.0,GF,AMD,5728.0,5728.0,358.0
2839,radeon hd 7400g igp,GPU,2012-10-02,32.0,17.0,246.0,1303.0,327.0,TSMC,AMD,,162.8,
2843,radeon pro w5300m,GPU,2019-11-13,7.0,85.0,158.0,6400.0,1000.0,TSMC,AMD,6400.0,3200.0,200.0
2846,radeon hd 7560d igp,GPU,2012-10-02,32.0,65.0,246.0,1303.0,760.0,TSMC,AMD,,389.1,
2850,radeon r9 m265x,GPU,2014-03-21,28.0,,123.0,1500.0,575.0,TSMC,AMD,,800.0,50.0
2853,radeon r7 360 896sp,GPU,2015-06-18,28.0,85.0,160.0,2080.0,1100.0,TSMC,AMD,,1971.0,123.2
2856,radeon hd 7690m xt rebrand,GPU,2012-01-04,40.0,25.0,104.0,716.0,725.0,TSMC,AMD,,696.0,
2861,radeon pro wx 4150 mobile,GPU,2017-03-01,14.0,50.0,123.0,3000.0,1002.0,GF,AMD,1887.0,1887.0,117.9
2862,radeon vii,GPU,2019-02-07,7.0,295.0,331.0,13230.0,1400.0,TSMC,AMD,26880.0,13440.0,3360.0
2864,radeon pro v7350x2,GPU,NaT,14.0,200.0,232.0,5700.0,1188.0,GF,AMD,,5728.0,358.0
2865,radeon r5 a335,GPU,2015-10-21,28.0,,56.0,690.0,1070.0,TSMC,AMD,,684.8,
2876,radeon r7 360e,GPU,2015-12-30,28.0,75.0,160.0,2080.0,1050.0,TSMC,AMD,,1613.0,100.8
2878,radeon hd 6750,GPU,2011-01-21,40.0,86.0,166.0,1040.0,700.0,TSMC,AMD,,1008.0,
2879,radeon r5 430 oem,GPU,2016-06-30,28.0,50.0,77.0,950.0,730.0,TSMC,AMD,,599.0,37.44
2880,radeon r9 260 oem,GPU,2013-12-21,28.0,85.0,160.0,2080.0,1100.0,TSMC,AMD,,1971.0,123.2
2883,radeon graphics 512sp,GPU,2020-03-07,7.0,15.0,156.0,9800.0,400.0,TSMC,AMD,3584.0,1792.0,112.0
2886,radeon pro 580,GPU,2017-06-05,14.0,185.0,232.0,5700.0,1100.0,GF,AMD,5530.0,5530.0,345.6
2895,firepro m4100,GPU,2013-10-16,28.0,,77.0,950.0,670.0,TSMC,AMD,,514.6,32.16
2896,radeon hd 7610m,GPU,2012-01-07,40.0,20.0,104.0,716.0,450.0,TSMC,AMD,,360.0,
2901,radeon hd 7350 oem pci,GPU,2012-01-05,40.0,19.0,59.0,292.0,650.0,TSMC,AMD,,104.0,
2902,radeon rx 470 mobile,GPU,2016-08-04,14.0,85.0,232.0,5700.0,926.0,GF,AMD,4399.0,4399.0,274.9
2903,radeon hd 6770 green edition,GPU,2013-04-19,40.0,86.0,166.0,1040.0,700.0,TSMC,AMD,,1008.0,
2906,radeon hd 8510g igp,GPU,2013-05-23,32.0,35.0,246.0,1303.0,554.0,TSMC,AMD,,425.5,
2912,radeon e9260 pcie,GPU,2016-09-27,14.0,80.0,123.0,3000.0,1090.0,GF,AMD,2150.0,2150.0,134.4
2921,firestream 9170,GPU,2007-11-08,55.0,105.0,192.0,666.0,800.0,TSMC,AMD,,512.0,102.4
2932,radeon hd 7660d igp,GPU,2012-10-02,32.0,100.0,246.0,1303.0,760.0,TSMC,AMD,,583.7,
2946,radeon hd 6570 oem,GPU,2011-02-07,40.0,44.0,118.0,716.0,650.0,TSMC,AMD,,624.0,
2948,radeon r7 240 oem,GPU,2013-11-01,28.0,50.0,77.0,950.0,730.0,TSMC,AMD,,499.2,31.2
2952,firepro d700,GPU,2014-01-18,28.0,274.0,352.0,4313.0,850.0,TSMC,AMD,,3482.0,870.4
2956,radeon 550x 640sp,GPU,2018-04-11,14.0,50.0,103.0,2200.0,1019.0,GF,AMD,1371.0,1371.0,85.68
2957,radeon r9 m470,GPU,2016-05-15,28.0,,160.0,2080.0,900.0,TSMC,AMD,,1536.0,96.0
2960,radeon e9174 mxm,GPU,2017-10-03,14.0,50.0,103.0,2200.0,1124.0,GF,AMD,1248.0,1248.0,78.02
2962,radeon rx 6600,GPU,NaT,7.0,150.0,236.0,,1489.0,TSMC,AMD,17920.0,8960.0,560.0
2964,radeon pro 5500 xt,GPU,2020-08-04,7.0,125.0,158.0,6400.0,1187.0,TSMC,AMD,10800.0,5398.0,337.3
2965,radeon rx 480 mobile,GPU,2016-08-04,14.0,100.0,232.0,5700.0,1000.0,GF,AMD,4963.0,4963.0,310.2
2980,firepro d300,GPU,2014-01-18,28.0,150.0,212.0,2800.0,850.0,TSMC,AMD,,2176.0,136.0
2984,radeon r6 m335dx,GPU,2015-12-12,28.0,,56.0,690.0,955.0,TSMC,AMD,,791.0,49.44
2988,radeon hd 6990m,GPU,2011-07-12,40.0,100.0,212.0,1700.0,715.0,TSMC,AMD,,1602.0,
2993,radeon rx 550,GPU,2017-04-20,14.0,50.0,103.0,2200.0,1100.0,GF,AMD,1211.0,1211.0,75.71
2994,radeon hd 8970m,GPU,2013-05-14,28.0,100.0,212.0,2800.0,850.0,TSMC,AMD,,2304.0,144.0
2997,radeon hd 8410g igp,GPU,2013-05-23,32.0,35.0,246.0,1303.0,450.0,TSMC,AMD,,230.4,
2998,radeon r9 nano,GPU,2015-08-27,28.0,175.0,596.0,8900.0,1000.0,TSMC,AMD,8192.0,8192.0,512.0
3000,radeon rx 460 1024sp,GPU,2017-01-17,14.0,75.0,123.0,3000.0,1090.0,GF,AMD,2458.0,2458.0,153.6
3003,radeon rx 6800 xt,GPU,2020-10-28,7.0,300.0,520.0,26800.0,1825.0,TSMC,AMD,41470.0,20740.0,1296.0
3004,radeon hd 7470m,GPU,2012-01-07,40.0,25.0,67.0,370.0,750.0,TSMC,AMD,,256.0,
3010,firepro w2100,GPU,2014-08-12,28.0,26.0,77.0,950.0,630.0,TSMC,AMD,,435.2,27.2
3013,radeon rx 6700 xt,GPU,2021-03-03,7.0,230.0,335.0,17200.0,2321.0,TSMC,AMD,26430.0,13210.0,825.9
3015,firepro s10000,GPU,2012-11-12,28.0,375.0,352.0,4313.0,825.0,TSMC,AMD,,3405.0,851.2
3027,radeon r9 m385,GPU,2015-05-05,28.0,,160.0,2080.0,900.0,TSMC,AMD,,1792.0,112.0
3031,firepro w9100,GPU,2014-03-26,28.0,275.0,438.0,6200.0,930.0,TSMC,AMD,,5238.0,2619.0
3038,playstation 4 gpu,GPU,2013-11-24,28.0,75.0,348.0,,800.0,TSMC,AMD,1843.0,1843.0,
3042,radeon pro wx 9100,GPU,2017-07-10,14.0,230.0,495.0,12500.0,1200.0,GF,AMD,24580.0,12290.0,768.0
3044,radeon r7 350 oem,GPU,2015-05-05,28.0,65.0,77.0,950.0,1000.0,TSMC,AMD,,806.4,50.4
3046,radeon hd 7690m,GPU,2011-12-25,40.0,20.0,104.0,716.0,725.0,TSMC,AMD,,696.0,
3059,firepro w4170m,GPU,2014-04-28,28.0,,77.0,950.0,825.0,TSMC,AMD,,691.2,43.2
3061,firepro m5100,GPU,2013-10-16,28.0,,123.0,1500.0,725.0,TSMC,AMD,,992.0,62.0
3062,radeon hd 7500g igp,GPU,2012-05-15,32.0,17.0,246.0,1303.0,327.0,TSMC,AMD,,217.1,
3065,radeon hd 6750m,GPU,2011-01-04,40.0,35.0,104.0,716.0,600.0,TSMC,AMD,,576.0,
3072,radeon pro wx vega m gl,GPU,2018-04-24,14.0,65.0,208.0,5000.0,931.0,GF,AMD,2588.0,2588.0,161.8
3073,radeon pro 580x,GPU,2019-03-18,14.0,185.0,232.0,5700.0,1100.0,GF,AMD,5530.0,5530.0,345.6
3077,radeon r9 m280x,GPU,2015-02-05,28.0,,160.0,2080.0,900.0,TSMC,AMD,,1792.0,112.0
3081,firepro s9000,GPU,2012-08-24,28.0,225.0,352.0,4313.0,900.0,TSMC,AMD,,3226.0,806.4
3082,radeon r2 mobile graphics,GPU,2015-01-28,28.0,100.0,107.0,930.0,300.0,GF,AMD,,76.8,4.8
3084,radeon hd 8240 mobile igp,GPU,2013-11-01,28.0,15.0,110.0,1178.0,400.0,TSMC,AMD,,102.4,6.4
3085,radeon rx 5300,GPU,2020-05-28,7.0,100.0,158.0,6400.0,1327.0,TSMC,AMD,9265.0,4632.0,289.5
3086,radeon hd 6450 oem,GPU,2011-02-07,40.0,18.0,67.0,370.0,625.0,TSMC,AMD,,200.0,
3089,radeon hd 7650m rebrand,GPU,2012-03-28,40.0,20.0,104.0,716.0,485.0,TSMC,AMD,,465.6,
3106,radeon r9 m375,GPU,2015-05-05,28.0,,123.0,1500.0,1000.0,TSMC,AMD,,1299.0,81.2
3109,radeon r9 280,GPU,2014-03-04,28.0,200.0,352.0,4313.0,827.0,TSMC,AMD,,3344.0,836.0
3110,radeon r7 graphics,GPU,2014-01-11,28.0,65.0,245.0,2410.0,720.0,GF,AMD,,737.3,46.08
3111,radeon hd 8770m,GPU,2013-04-01,28.0,,77.0,950.0,775.0,TSMC,AMD,,633.6,39.6
3112,playstation 4 pro gpu,GPU,2016-11-10,16.0,150.0,322.0,5700.0,911.0,TSMC,AMD,8396.0,4198.0,
3113,radeon r7 m465x,GPU,2016-05-15,28.0,,123.0,1500.0,900.0,TSMC,AMD,,947.2,59.2
3117,firestream 9250,GPU,2008-06-16,55.0,150.0,256.0,956.0,625.0,TSMC,AMD,,1000.0,200.0
3121,firepro w6170m,GPU,2014-08-25,28.0,,160.0,2080.0,1075.0,TSMC,AMD,,1651.0,103.2
3123,radeon hd 6870m,GPU,2011-01-04,40.0,50.0,166.0,1040.0,675.0,TSMC,AMD,,1080.0,
3129,radeon r7 m265dx,GPU,2014-10-12,28.0,,125.0,1550.0,925.0,TSMC,AMD,721.9,721.9,45.12
3130,radeon hd 6550m,GPU,2010-11-26,40.0,26.0,334.0,2154.0,600.0,TSMC,AMD,,480.0,
3136,radeon r6 m340dx,GPU,2015-12-12,28.0,,56.0,690.0,955.0,TSMC,AMD,,791.0,49.44
3137,radeon vega 3,GPU,2019-11-20,14.0,15.0,210.0,4940.0,300.0,GF,AMD,844.8,422.4,26.4
3138,radeon hd 6230,GPU,2011-07-02,40.0,19.0,59.0,292.0,650.0,TSMC,AMD,,104.0,
3140,radeon rx 580g,GPU,2018-10-15,14.0,185.0,232.0,5700.0,1257.0,GF,AMD,6129.0,6129.0,383.0
3141,firestream 9270,GPU,2008-11-13,55.0,160.0,256.0,956.0,750.0,TSMC,AMD,,1200.0,240.0
3143,radeon hd 6380g igp,GPU,2011-06-14,32.0,35.0,227.0,1178.0,400.0,TSMC,AMD,,128.0,
3144,radeon r9 fury x2,GPU,NaT,28.0,,596.0,8900.0,1050.0,TSMC,AMD,,8602.0,
3148,nvidia geforce 8200m g mgpu amd,GPU,2008-06-03,80.0,12.0,127.0,210.0,400.0,Unknown,AMD,,25.6,
3158,radeon hd 6750m mac edition,GPU,2011-04-18,40.0,35.0,104.0,716.0,598.0,TSMC,AMD,,574.1,
3160,radeon hd 8570 oem rebrand,GPU,2013-07-23,40.0,60.0,118.0,716.0,650.0,TSMC,AMD,,624.0,
3165,radeon r9 370,GPU,2015-05-05,28.0,110.0,212.0,2800.0,925.0,TSMC,AMD,,2496.0,156.0
3169,radeon hd 8510 oem,GPU,2013-04-24,40.0,39.0,104.0,627.0,650.0,TSMC,AMD,,520.0,
3172,radeon hd 6650a,GPU,2011-04-19,40.0,45.0,118.0,716.0,600.0,TSMC,AMD,,576.0,
3178,radeon rx 6700,GPU,2021-01-01,7.0,180.0,335.0,17200.0,1489.0,TSMC,AMD,20740.0,10370.0,648.0
3185,radeon rx 570x,GPU,2018-04-11,14.0,150.0,232.0,5700.0,1168.0,GF,AMD,5095.0,5095.0,318.5
3189,radeon r7 m465,GPU,2016-05-15,28.0,,56.0,690.0,825.0,TSMC,AMD,,737.3,46.08
3193,radeon hd 7450 oem,GPU,2012-01-05,40.0,18.0,67.0,370.0,625.0,TSMC,AMD,,200.0,
3198,radeon instinct mi6,GPU,2016-12-12,14.0,150.0,232.0,5700.0,1120.0,GF,AMD,5682.0,5682.0,355.1
3199,radeon hd 8310g igp,GPU,NaT,32.0,20.0,246.0,1303.0,424.0,TSMC,AMD,,141.8,
3201,radeon r5 m315,GPU,2015-05-05,28.0,,125.0,1550.0,970.0,TSMC,AMD,745.0,745.0,46.56
3207,radeon hd 7640g igp,GPU,2012-05-15,32.0,35.0,246.0,1303.0,496.0,TSMC,AMD,,335.4,
3212,radeon r5 m330,GPU,2015-05-05,28.0,18.0,56.0,690.0,955.0,TSMC,AMD,,659.2,41.2
3215,xbox series x gpu,GPU,2020-11-10,7.0,200.0,360.0,15300.0,1825.0,TSMC,AMD,24290.0,12150.0,759.2
3222,radeon hd 6850 1440sp edition,GPU,2012-08-21,40.0,151.0,334.0,2154.0,725.0,TSMC,AMD,,2088.0,417.6
3224,radeon hd 6530d igp,GPU,2011-06-20,32.0,65.0,227.0,1178.0,444.0,TSMC,AMD,,284.2,
3228,firepro m3900,GPU,2010-10-19,40.0,20.0,67.0,370.0,750.0,TSMC,AMD,,240.0,
3229,radeon hd 8670d igp,GPU,2013-03-12,32.0,100.0,246.0,1303.0,844.0,TSMC,AMD,,648.2,
3238,radeon rx 5600 xt,GPU,2020-01-21,7.0,150.0,251.0,10300.0,1130.0,TSMC,AMD,14380.0,7188.0,449.3
3244,radeon pro vega 48,GPU,2019-03-19,14.0,,495.0,12500.0,1200.0,GF,AMD,14750.0,7373.0,460.8
3245,radeon hd 7560g igp,GPU,2012-05-15,32.0,35.0,246.0,1303.0,496.0,TSMC,AMD,,389.1,
3246,radeon r5 a320,GPU,2015-01-01,28.0,,56.0,690.0,750.0,TSMC,AMD,,528.0,
3254,radeon r7 m270dx,GPU,2014-06-11,28.0,,125.0,1550.0,900.0,TSMC,AMD,752.6,752.6,47.04
3256,radeon 520 mobile,GPU,2017-04-18,28.0,50.0,56.0,690.0,1030.0,TSMC,AMD,,659.2,41.2
3258,radeon r7 435 oem,GPU,2016-06-30,28.0,50.0,77.0,950.0,920.0,TSMC,AMD,,588.8,36.8
3262,radeon r9 m275x,GPU,2014-01-28,28.0,,123.0,1500.0,900.0,TSMC,AMD,,1184.0,74.0
3265,radeon r6 m255dx,GPU,2014-01-07,28.0,,56.0,690.0,780.0,TSMC,AMD,,547.2,34.2
3272,radeon r7 240,GPU,2013-10-08,28.0,30.0,77.0,950.0,650.0,TSMC,AMD,,448.0,28.0
3278,radeon hd 6570m,GPU,2011-04-25,40.0,30.0,104.0,716.0,600.0,TSMC,AMD,,576.0,
3281,radeon hd 6670a,GPU,2011-04-19,40.0,45.0,118.0,716.0,600.0,TSMC,AMD,,576.0,
3282,radeon vega 3 mobile,GPU,2019-01-06,14.0,15.0,210.0,4940.0,300.0,GF,AMD,921.6,460.8,28.8
3283,radeon r9 370 1024sp,GPU,2015-06-12,28.0,150.0,212.0,2800.0,925.0,TSMC,AMD,,1997.0,124.8
3284,firepro s9300 x2,GPU,2016-03-31,28.0,300.0,596.0,8900.0,975.0,TSMC,AMD,,7987.0,499.2
3286,radeon hd 8750m,GPU,2013-02-26,28.0,,77.0,950.0,620.0,TSMC,AMD,,595.2,37.2
3299,firepro m4150,GPU,2013-10-16,28.0,,77.0,950.0,715.0,TSMC,AMD,,549.1,34.32
3301,radeon r7 m260,GPU,2014-06-11,28.0,,125.0,1550.0,940.0,TSMC,AMD,752.6,752.6,47.04
3304,radeon r9 m290x mac edition,GPU,2014-11-23,28.0,80.0,212.0,2800.0,850.0,TSMC,AMD,,1997.0,124.8
3305,radeon sky 500,GPU,2013-03-27,28.0,150.0,212.0,2800.0,950.0,TSMC,AMD,,2432.0,152.0
3306,radeon r7 430 oem,GPU,2016-06-30,28.0,50.0,77.0,950.0,730.0,TSMC,AMD,,599.0,37.44
3307,radeon hd 8750a,GPU,2013-02-02,28.0,45.0,77.0,950.0,600.0,TSMC,AMD,,460.8,28.8
3309,radeon r9 290,GPU,2013-11-05,28.0,275.0,438.0,6200.0,947.0,TSMC,AMD,,4849.0,606.1
3310,radeon rx 5500 xt,GPU,2019-12-12,7.0,130.0,158.0,6400.0,1607.0,TSMC,AMD,10390.0,5196.0,324.7
3314,radeon r7 a360,GPU,2015-01-01,28.0,,77.0,950.0,725.0,TSMC,AMD,,633.6,
3319,radeon pro wx 2100,GPU,2017-06-04,14.0,35.0,103.0,2200.0,925.0,GF,AMD,1248.0,1248.0,78.02
3323,radeon r8 m435dx,GPU,2016-12-12,28.0,,56.0,690.0,955.0,TSMC,AMD,,791.0,49.44
3326,radeon hd 7530m,GPU,2012-01-07,40.0,11.0,104.0,716.0,450.0,TSMC,AMD,,360.0,
3327,radeon hd 8690m,GPU,2013-03-01,28.0,,56.0,690.0,775.0,TSMC,AMD,,528.0,33.0
3329,radeon rx vega 64 liquid cooling,GPU,2017-08-07,14.0,345.0,495.0,12500.0,1406.0,GF,AMD,27480.0,13740.0,858.6
3330,radeon hd 6570m,GPU,2010-11-26,40.0,30.0,104.0,627.0,650.0,TSMC,AMD,,520.0,
3334,radeon hd 7650a,GPU,2012-01-05,40.0,33.0,118.0,716.0,600.0,TSMC,AMD,,576.0,
3335,firepro m2000,GPU,2012-07-01,40.0,33.0,118.0,716.0,500.0,TSMC,AMD,,480.0,
3337,radeon 530x mobile,GPU,2017-04-18,28.0,50.0,125.0,1550.0,730.0,TSMC,AMD,786.4,786.4,49.15
3342,radeon hd 8870m,GPU,2013-04-01,28.0,,123.0,1500.0,725.0,TSMC,AMD,,992.0,62.0
3343,radeon r5 a220,GPU,2014-01-01,40.0,35.0,67.0,370.0,775.0,TSMC,AMD,,248.0,
3344,radeon hd 8280e,GPU,2013-04-23,28.0,15.0,110.0,1178.0,450.0,TSMC,AMD,,115.2,7.2
3345,radeon pro v340,GPU,2018-08-26,14.0,230.0,495.0,12500.0,852.0,GF,AMD,21500.0,10750.0,672.0
3350,radeon hd 7570 oem,GPU,2013-03-20,40.0,39.0,104.0,627.0,650.0,TSMC,AMD,,520.0,
3355,radeon vega 3 mobile,GPU,2020-01-06,14.0,15.0,210.0,4940.0,300.0,GF,AMD,768.0,384.0,24.0
3361,radeon r5 230 oem,GPU,2013-12-21,40.0,19.0,67.0,370.0,625.0,TSMC,AMD,,200.0,
3363,atari vcs 800 gpu,GPU,2020-12-14,14.0,15.0,210.0,4940.0,300.0,GF,AMD,922.4,461.2,28.82
3364,radeon vega 8,GPU,2021-01-12,7.0,45.0,156.0,9800.0,300.0,TSMC,AMD,3686.0,1843.0,115.2
3370,radeon rx 5300 xt,GPU,2019-10-07,7.0,100.0,158.0,6400.0,1670.0,TSMC,AMD,10390.0,5196.0,324.7
3372,radeon rx vega 56 mobile,GPU,2018-06-01,14.0,120.0,495.0,12500.0,1138.0,GF,AMD,18650.0,9326.0,582.8
3373,radeon sky 900,GPU,2013-03-27,28.0,300.0,352.0,4313.0,825.0,TSMC,AMD,,3405.0,851.2
3377,aerobox gpu,GPU,2020-03-13,16.0,100.0,,,935.0,TSMC,AMD,3530.0,1765.0,110.3
3383,radeon hd 7950,GPU,2012-01-31,28.0,200.0,352.0,4313.0,800.0,TSMC,AMD,,2867.0,716.8
3384,radeon r9 380,GPU,2015-06-18,28.0,190.0,366.0,5000.0,970.0,TSMC,AMD,3476.0,3476.0,217.3
3387,firepro w5170m,GPU,2014-08-25,28.0,,123.0,1500.0,900.0,TSMC,AMD,,1184.0,74.0
3389,radeon r5 m435,GPU,2016-05-15,28.0,,56.0,690.0,780.0,TSMC,AMD,,659.2,41.2
3390,radeon rx vega m gh,GPU,2018-02-01,14.0,100.0,208.0,5000.0,1063.0,GF,AMD,3656.0,3656.0,228.5
3392,radeon pro wx 5100,GPU,2016-11-18,14.0,75.0,232.0,5700.0,713.0,GF,AMD,3892.0,3892.0,243.3
3401,xbox one gpu,GPU,2013-11-22,28.0,95.0,363.0,5000.0,853.0,TSMC,AMD,,1310.0,
3404,radeon hd 7350m,GPU,2012-01-07,40.0,7.0,59.0,292.0,500.0,TSMC,AMD,,80.0,
3405,radeon vega frontier edition,GPU,2017-06-27,14.0,300.0,495.0,12500.0,1382.0,GF,AMD,26210.0,13110.0,819.2
3408,radeon hd 8730 oem,GPU,2013-09-05,28.0,47.0,123.0,1500.0,800.0,TSMC,AMD,,614.4,38.4
3411,firepro w9000,GPU,2012-06-14,28.0,274.0,352.0,4313.0,975.0,TSMC,AMD,,3994.0,998.4
3412,radeon r7 265,GPU,2014-02-13,28.0,150.0,212.0,2800.0,900.0,TSMC,AMD,,1894.0,118.4
3414,radeon r9 270 1024sp,GPU,2015-03-13,28.0,150.0,212.0,2800.0,900.0,TSMC,AMD,,1894.0,118.4
3436,radeon graphics 512sp,GPU,NaT,7.0,15.0,156.0,9800.0,400.0,TSMC,AMD,3686.0,1843.0,115.2
3437,radeon r7 250,GPU,2013-10-08,28.0,55.0,123.0,1500.0,925.0,TSMC,AMD,,947.2,59.2
3438,radeon hd 6730m,GPU,2011-01-04,40.0,35.0,104.0,716.0,725.0,TSMC,AMD,,696.0,
3441,radeon r8 m350dx,GPU,2015-12-12,28.0,,56.0,690.0,955.0,TSMC,AMD,,791.0,49.44
3448,radeon r8 m445dx,GPU,2016-05-15,28.0,,125.0,1550.0,780.0,TSMC,AMD,653.4,653.4,40.84
3451,radeon hd 6950m,GPU,2011-01-04,40.0,50.0,212.0,1700.0,580.0,TSMC,AMD,,1114.0,
3458,radeon hd 6480g igp,GPU,2011-06-14,32.0,35.0,227.0,1178.0,593.0,TSMC,AMD,,189.8,
3459,radeon hd 7690m rebrand,GPU,2012-01-07,40.0,20.0,104.0,716.0,600.0,TSMC,AMD,,576.0,
3461,radeon vega frontier edition watercooled,GPU,2017-07-13,14.0,375.0,495.0,12500.0,1382.0,GF,AMD,26210.0,13110.0,819.2
3462,radeon hd 8180 igp,GPU,NaT,28.0,4.0,110.0,1178.0,225.0,TSMC,AMD,,57.6,3.6
3468,radeon 540x mobile,GPU,2019-02-11,14.0,50.0,103.0,2200.0,980.0,GF,AMD,1121.0,1121.0,70.08
3469,radeon r5 graphics,GPU,2017-09-05,28.0,15.0,125.0,1200.0,200.0,GF,AMD,691.2,691.2,345.6
3474,radeon rx 580,GPU,2017-04-18,14.0,185.0,232.0,5700.0,1257.0,GF,AMD,6175.0,6175.0,385.9
3475,radeon hd 6930,GPU,2011-12-01,40.0,186.0,389.0,2640.0,750.0,TSMC,AMD,,1920.0,480.0
3477,radeon r5 mobile graphics,GPU,2014-06-14,28.0,15.0,107.0,930.0,800.0,GF,AMD,,204.8,12.8
3483,radeon pro vega ii duo,GPU,NaT,7.0,475.0,331.0,13230.0,1400.0,TSMC,AMD,28180.0,14090.0,880.6
3487,radeon pro vii,GPU,2020-05-13,7.0,250.0,331.0,13230.0,1400.0,TSMC,AMD,26110.0,13060.0,6528.0
3490,firepro r5000,GPU,2013-02-25,28.0,150.0,212.0,2800.0,825.0,TSMC,AMD,,1267.0,79.2
3494,radeon 620 mobile,GPU,2019-05-13,28.0,50.0,125.0,1550.0,730.0,TSMC,AMD,786.4,786.4,49.15
3503,radeon vega 6 mobile,GPU,2019-01-06,14.0,15.0,210.0,4940.0,300.0,GF,AMD,1843.0,921.6,57.6
3505,radeon vega 6 mobile,GPU,2019-01-08,14.0,15.0,210.0,4940.0,300.0,GF,AMD,1691.0,845.6,52.85
3506,radeon 540 mobile,GPU,2019-03-26,14.0,50.0,103.0,2200.0,1100.0,GF,AMD,1151.0,1151.0,71.94
3511,firepro v7900 sdi,GPU,2011-05-24,40.0,150.0,389.0,2640.0,725.0,TSMC,AMD,,1856.0,464.0
3512,radeon r5 340 oem,GPU,2015-05-05,28.0,65.0,77.0,950.0,730.0,TSMC,AMD,,599.0,37.44
3513,radeon hd 6480g igp,GPU,2011-06-14,32.0,35.0,227.0,1178.0,444.0,TSMC,AMD,,213.1,
3516,radeon rx 5600m,GPU,2020-07-07,7.0,150.0,251.0,10300.0,1035.0,TSMC,AMD,11660.0,5829.0,364.3
3520,radeon hd 7470a,GPU,2012-01-05,40.0,25.0,67.0,370.0,625.0,TSMC,AMD,,200.0,
3522,radeon hd 8330e,GPU,2013-04-23,28.0,15.0,110.0,1178.0,497.0,TSMC,AMD,,127.2,7.952
3523,radeon hd 6850,GPU,2010-10-21,40.0,127.0,255.0,1700.0,775.0,TSMC,AMD,,1488.0,
3524,radeon rx 460,GPU,2016-08-08,14.0,75.0,123.0,3000.0,1090.0,GF,AMD,2150.0,2150.0,134.4
3525,radeon hd 6790,GPU,2011-04-04,40.0,150.0,255.0,1700.0,840.0,TSMC,AMD,,1344.0,
3537,radeon r7 m270dx,GPU,2014-01-07,28.0,,56.0,690.0,780.0,TSMC,AMD,,547.2,34.2
3545,radeon pro wx 7130 mobile,GPU,2017-03-01,14.0,130.0,232.0,5700.0,1188.0,GF,AMD,,5728.0,358.0
3551,radeon pro v5300x,GPU,NaT,14.0,50.0,123.0,3000.0,1125.0,GF,AMD,,2460.0,153.7
3562,radeon pro w5500m,GPU,2020-02-10,7.0,85.0,158.0,6400.0,1000.0,TSMC,AMD,9574.0,4787.0,299.2
3564,radeon r5 graphics,GPU,2014-09-17,28.0,15.0,245.0,2410.0,758.0,GF,AMD,,388.1,24.26
3565,radeon hd 7540d igp,GPU,2012-10-02,32.0,65.0,246.0,1303.0,760.0,TSMC,AMD,,291.8,
3570,radeon hd 7970m,GPU,2012-04-24,28.0,100.0,212.0,2800.0,850.0,TSMC,AMD,,2176.0,136.0
3574,radeon r5 m445,GPU,2016-01-01,28.0,,125.0,1550.0,920.0,TSMC,AMD,,706.6,
3575,radeon pro wx 7100 mobile,GPU,2017-03-01,14.0,130.0,232.0,5700.0,1188.0,GF,AMD,,5728.0,358.0
3578,radeon r7 mobile graphics,GPU,2014-02-17,28.0,90.0,245.0,2410.0,554.0,GF,AMD,,425.5,26.59
3580,radeon hd 8730a,GPU,2013-04-01,28.0,,77.0,950.0,650.0,TSMC,AMD,,537.6,33.6
3581,radeon hd 6570m mac edition,GPU,2009-10-28,40.0,30.0,104.0,627.0,600.0,TSMC,AMD,,480.0,
3589,radeon r5 m230,GPU,2014-01-07,28.0,,56.0,690.0,780.0,TSMC,AMD,,547.2,34.2
3596,radeon r7 250x,GPU,2014-02-13,28.0,80.0,123.0,1500.0,950.0,TSMC,AMD,,1216.0,76.0
3612,radeon hd 6250 igp,GPU,2012-04-04,40.0,9.0,75.0,450.0,277.0,TSMC,AMD,,44.32,
3623,firepro s9050,GPU,2014-08-07,28.0,225.0,352.0,4313.0,900.0,TSMC,AMD,,3226.0,806.4
3629,radeon r9 280x,GPU,2013-10-08,28.0,250.0,352.0,4313.0,850.0,TSMC,AMD,,4096.0,1024.0
3630,radeon rx 560d,GPU,2017-07-04,14.0,65.0,123.0,3000.0,1090.0,GF,AMD,2106.0,2106.0,131.6
3631,radeon r9 255 oem,GPU,2013-12-21,28.0,65.0,123.0,1500.0,900.0,TSMC,AMD,,952.3,59.52
3632,firepro s4000x,GPU,2014-08-07,28.0,45.0,123.0,1500.0,725.0,TSMC,AMD,,992.0,62.0
3635,radeon rx 560x mobile,GPU,2018-04-11,14.0,65.0,123.0,3000.0,1175.0,GF,AMD,2462.0,2462.0,153.9
3637,radeon hd 7950 mac edition,GPU,2013-03-07,28.0,200.0,352.0,4313.0,800.0,TSMC,AMD,,2867.0,716.8
3643,radeon pro w5700x,GPU,2019-12-11,7.0,205.0,251.0,10300.0,1243.0,TSMC,AMD,20890.0,10440.0,652.8
3645,radeon hd 7870 xt,GPU,2012-11-19,28.0,185.0,352.0,4313.0,925.0,TSMC,AMD,,2995.0,748.8
3646,radeon hd 6470m,GPU,2011-01-04,40.0,25.0,67.0,370.0,700.0,TSMC,AMD,,224.0,
3648,radeon r7 m350,GPU,2015-01-01,28.0,35.0,77.0,950.0,725.0,TSMC,AMD,,633.6,
3649,firepro w7170m,GPU,2015-10-02,28.0,100.0,366.0,5000.0,723.0,TSMC,AMD,2961.0,2961.0,185.1
3650,radeon r5 m430,GPU,2016-01-01,28.0,,56.0,690.0,780.0,TSMC,AMD,,547.2,
3651,radeon r9 380x,GPU,2015-11-19,28.0,190.0,366.0,5000.0,970.0,TSMC,AMD,3973.0,3973.0,248.3
3657,radeon instinct mi8,GPU,2016-12-12,28.0,175.0,596.0,8900.0,1000.0,TSMC,AMD,8192.0,8192.0,512.0
3659,radeon rx 580 2048sp,GPU,2018-10-15,14.0,150.0,232.0,5700.0,1168.0,GF,AMD,5259.0,5259.0,328.7
3661,radeon rx 570 mobile,GPU,2017-12-10,14.0,85.0,232.0,5700.0,926.0,GF,AMD,4940.0,4940.0,308.7
3662,radeon r9 m295x mac edition,GPU,2014-11-23,28.0,250.0,366.0,5000.0,850.0,TSMC,AMD,3482.0,3482.0,217.6
3665,radeon rx 5500 oem,GPU,2019-10-07,7.0,110.0,158.0,6400.0,1500.0,TSMC,AMD,10390.0,5196.0,324.7
3679,radeon r9 m270x,GPU,2014-03-21,28.0,,123.0,1500.0,725.0,TSMC,AMD,,992.0,
3680,radeon pro vega 20,GPU,2018-11-14,14.0,100.0,,,815.0,GF,AMD,6569.0,3284.0,205.3
3686,radeon pro wx 4170 mobile,GPU,2017-03-01,14.0,50.0,123.0,3000.0,1002.0,GF,AMD,2460.0,2460.0,153.7
3693,radeon r7 m440,GPU,2016-05-15,28.0,,125.0,1550.0,891.0,TSMC,AMD,570.2,570.2,35.64
3696,radeon r7 340 oem,GPU,2015-05-05,28.0,50.0,77.0,950.0,730.0,TSMC,AMD,,599.0,37.44
3697,radeon hd 7750,GPU,2012-02-15,28.0,55.0,123.0,1500.0,800.0,TSMC,AMD,,819.2,51.2
3707,radeon graphics 448sp,GPU,2020-01-06,7.0,15.0,156.0,9800.0,400.0,TSMC,AMD,2867.0,1434.0,89.6
3709,radeon r5 a330,GPU,2015-10-21,28.0,,56.0,690.0,1030.0,TSMC,AMD,,659.2,
3712,radeon hd 8740 oem,GPU,2013-09-05,28.0,55.0,123.0,1500.0,800.0,TSMC,AMD,,819.2,51.2
3714,radeon hd 8370d igp,GPU,NaT,32.0,65.0,246.0,1303.0,760.0,TSMC,AMD,,194.6,
3717,radeon hd 8670a,GPU,2013-02-02,28.0,45.0,56.0,690.0,600.0,TSMC,AMD,,384.0,24.0
3719,radeon hd 6950,GPU,2010-12-14,40.0,200.0,389.0,2640.0,800.0,TSMC,AMD,,2253.0,563.2
3726,radeon hd 7660g igp,GPU,2012-05-15,32.0,35.0,246.0,1303.0,686.0,TSMC,AMD,,526.8,
3732,firepro 2270,GPU,2011-01-31,40.0,15.0,59.0,292.0,600.0,TSMC,AMD,,96.0,
3734,radeon r5 m230 rebrand,GPU,2013-03-01,28.0,,56.0,690.0,750.0,TSMC,AMD,,528.0,33.0
3744,radeon hd 6450a,GPU,2011-04-07,40.0,25.0,67.0,370.0,625.0,TSMC,AMD,,200.0,
3749,radeon vega 6 mobile,GPU,2018-01-08,14.0,15.0,210.0,4940.0,300.0,GF,AMD,1691.0,845.6,52.85
3752,radeon hd 7670m rebrand,GPU,2012-07-01,40.0,20.0,104.0,716.0,600.0,TSMC,AMD,,576.0,
3753,radeon hd 6970m mac edition,GPU,2011-08-25,40.0,75.0,212.0,1700.0,680.0,TSMC,AMD,,1306.0,
3758,firepro m6100,GPU,2013-10-16,28.0,,160.0,2080.0,1075.0,TSMC,AMD,,1651.0,103.2
3759,radeon r9 m380 mac edition,GPU,2015-05-05,28.0,,160.0,2080.0,900.0,TSMC,AMD,,1568.0,98.02
3760,radeon pro wx 8200,GPU,2018-08-13,14.0,230.0,495.0,12500.0,1200.0,GF,AMD,21500.0,10750.0,672.0
3765,radeon hd 8280 mobile igp,GPU,2013-09-18,28.0,15.0,110.0,1178.0,450.0,TSMC,AMD,,115.2,7.2
3766,radeon pro 555,GPU,2017-06-05,14.0,75.0,123.0,3000.0,850.0,GF,AMD,1306.0,1306.0,81.6
3770,radeon hd 6290,GPU,2011-12-04,40.0,19.0,59.0,292.0,650.0,TSMC,AMD,,104.0,
3771,radeon e9260 mxm,GPU,2016-09-27,14.0,50.0,123.0,3000.0,1090.0,GF,AMD,2150.0,2150.0,134.4
3772,radeon r5 m230,GPU,2014-01-07,28.0,,56.0,690.0,825.0,TSMC,AMD,,547.2,34.2
3773,radeon hd 8550m,GPU,2014-07-13,28.0,,56.0,690.0,650.0,TSMC,AMD,,544.0,34.0
3776,radeon hd 6450m,GPU,2011-01-04,40.0,,67.0,370.0,600.0,TSMC,AMD,,192.0,
3780,zhongshan subor z+ gpu,GPU,2018-08-03,14.0,100.0,397.0,,1300.0,TSMC,AMD,7987.0,3994.0,249.6
3781,radeon e9560 pcie,GPU,2019-10-15,14.0,130.0,232.0,5700.0,1120.0,GF,AMD,5700.0,5700.0,356.3
3782,radeon pro vega 64x,GPU,2019-03-19,14.0,250.0,495.0,12500.0,1250.0,GF,AMD,24050.0,12030.0,751.6
3785,radeon vega 10 mobile,GPU,2019-04-08,14.0,15.0,210.0,4940.0,300.0,GF,AMD,3584.0,1792.0,112.0
3786,firepro w5130m,GPU,2015-10-02,28.0,,123.0,1500.0,900.0,TSMC,AMD,,947.2,59.2
3787,radeon rx 580 mobile,GPU,2017-04-18,14.0,100.0,232.0,5700.0,1000.0,GF,AMD,4963.0,4963.0,310.2
3791,radeon hd 6510,GPU,2011-05-14,40.0,39.0,118.0,716.0,650.0,TSMC,AMD,,416.0,
3792,radeon r7 m350,GPU,2015-05-05,28.0,,125.0,1550.0,1000.0,TSMC,AMD,779.5,779.5,48.72
3795,radeon hd 6970m rebrand,GPU,2011-01-04,40.0,75.0,166.0,1040.0,800.0,TSMC,AMD,,1280.0,
3801,radeon instinct mi100,GPU,2020-11-16,7.0,300.0,750.0,50000.0,1000.0,TSMC,AMD,184600.0,23070.0,11540.0
3807,radeon r9 m390x,GPU,2015-05-05,28.0,75.0,366.0,5000.0,723.0,TSMC,AMD,2961.0,2961.0,185.1
3809,radeon vega 3 embedded,GPU,2018-07-16,14.0,15.0,210.0,4940.0,300.0,GF,AMD,768.8,384.4,24.02
3817,radeon rx 590 gme,GPU,2020-03-09,14.0,175.0,232.0,5700.0,1257.0,GF,AMD,6359.0,6359.0,397.4
3818,radeon hd 8400 mobile igp,GPU,2013-11-23,28.0,25.0,110.0,1178.0,600.0,TSMC,AMD,,153.6,9.6
3819,radeon r9 m395 mac edition,GPU,2015-05-05,28.0,250.0,366.0,5000.0,834.0,TSMC,AMD,,2989.0,373.6
3820,radeon r9 m365x,GPU,2015-05-05,28.0,,123.0,1500.0,900.0,TSMC,AMD,,1184.0,74.0
3823,radeon vega 3  embedded,GPU,2019-01-01,14.0,10.0,210.0,4940.0,300.0,GF,AMD,768.8,384.4,24.02
3825,radeon hd 6620g igp,GPU,2011-12-07,32.0,35.0,227.0,1178.0,444.0,TSMC,AMD,,355.2,
3839,firestream 9370,GPU,2010-06-23,40.0,225.0,334.0,2154.0,825.0,TSMC,AMD,,2640.0,528.0
3843,radeon rx 6900 xt,GPU,2020-10-28,7.0,300.0,520.0,26800.0,1825.0,TSMC,AMD,46080.0,23040.0,1440.0
3848,radeon r2 mobile graphics,GPU,2015-01-28,28.0,100.0,107.0,930.0,497.0,GF,AMD,,127.2,7.952
3855,radeon instinct mi60,GPU,2018-11-18,7.0,300.0,331.0,13230.0,1200.0,TSMC,AMD,29490.0,14750.0,7373.0
3857,stream processor,GPU,2006-01-01,90.0,165.0,352.0,384.0,594.0,TSMC,AMD,,,
3858,firepro s10000 passive,GPU,2012-11-12,28.0,375.0,352.0,4313.0,825.0,TSMC,AMD,,3405.0,851.2
3860,radeon rx vega 56,GPU,2017-08-14,14.0,210.0,495.0,12500.0,1156.0,GF,AMD,21090.0,10540.0,659.0
3866,radeon hd 8490 oem,GPU,2013-07-23,40.0,35.0,67.0,370.0,875.0,TSMC,AMD,,280.0,
3870,radeon r7 m260dx,GPU,2014-01-07,28.0,,56.0,690.0,780.0,TSMC,AMD,,547.2,34.2
3873,radeon hd 7650m,GPU,2012-01-07,40.0,20.0,104.0,716.0,450.0,TSMC,AMD,,432.0,
3880,radeon hd 6510,GPU,2011-05-14,40.0,39.0,104.0,627.0,650.0,TSMC,AMD,,520.0,
3883,radeon rx vega nano,GPU,NaT,14.0,175.0,495.0,12500.0,1247.0,GF,AMD,,12660.0,791.6
3884,radeon r9 m395x,GPU,2015-05-05,28.0,75.0,366.0,5000.0,723.0,TSMC,AMD,2961.0,2961.0,185.1
3888,radeon pro 5600m,GPU,2020-06-15,7.0,50.0,,,1000.0,TSMC,AMD,10600.0,5299.0,331.2
3892,radeon hd 8850m,GPU,2013-04-01,28.0,,123.0,1500.0,575.0,TSMC,AMD,,800.0,50.0
3896,firepro w4170m,GPU,2015-04-23,28.0,,77.0,950.0,825.0,TSMC,AMD,,691.2,43.2
3897,xbox one s gpu,GPU,2016-08-02,16.0,95.0,240.0,5000.0,914.0,TSMC,AMD,,1404.0,
3898,radeon rx 580x mobile,GPU,2018-04-11,14.0,100.0,232.0,5700.0,1000.0,GF,AMD,4963.0,4963.0,310.2
3900,radeon hd 8530m,GPU,2014-01-10,28.0,,77.0,950.0,650.0,TSMC,AMD,,448.0,28.0
3904,radeon r7 m270,GPU,2014-01-09,28.0,,77.0,950.0,725.0,TSMC,AMD,,633.6,
3905,radeon vega 6 embedded,GPU,2018-05-10,14.0,15.0,210.0,4940.0,300.0,GF,AMD,1966.0,983.0,61.44
3908,radeon rx 560x mobile,GPU,2018-04-11,14.0,65.0,123.0,3000.0,1275.0,GF,AMD,2611.0,2611.0,163.2
3910,firepro s9150,GPU,2014-08-07,28.0,235.0,438.0,6200.0,900.0,TSMC,AMD,,5069.0,2534.0
3912,radeon r9 fury,GPU,2015-07-10,28.0,275.0,596.0,8900.0,1000.0,TSMC,AMD,7168.0,7168.0,448.0
3916,radeon rx 560,GPU,2017-04-18,14.0,75.0,123.0,3000.0,1175.0,GF,AMD,2611.0,2611.0,163.2
3917,radeon r6 mobile graphics,GPU,2014-09-17,28.0,17.0,245.0,2410.0,533.0,GF,AMD,,409.3,25.58
3923,radeon rx 560x mobile,GPU,2019-01-09,14.0,65.0,123.0,3000.0,1223.0,GF,AMD,2192.0,2192.0,137.0
3926,radeon vega 8 mobile,GPU,2017-10-26,14.0,65.0,210.0,4940.0,300.0,GF,AMD,2255.0,1127.0,70.46
3927,radeon hd 8470d igp,GPU,2013-07-29,32.0,65.0,246.0,1303.0,800.0,TSMC,AMD,,307.2,
3934,radeon rx 560x mobile,GPU,2018-04-11,14.0,65.0,123.0,3000.0,1275.0,GF,AMD,2611.0,2611.0,163.2
3936,radeon hd 6350m,GPU,2010-11-26,40.0,7.0,59.0,292.0,500.0,TSMC,AMD,,80.0,
3937,radeon rx 5700,GPU,2019-07-07,7.0,180.0,251.0,10300.0,1465.0,TSMC,AMD,15900.0,7949.0,496.8
3940,radeon hd 6330m,GPU,2010-11-26,40.0,7.0,59.0,292.0,500.0,TSMC,AMD,,80.0,
3945,radeon hd 8330 mobile igp,GPU,2013-08-13,28.0,15.0,110.0,1178.0,497.0,TSMC,AMD,,127.2,7.952
3948,radeon r7 m365x,GPU,2015-05-05,28.0,,56.0,690.0,900.0,TSMC,AMD,,737.3,46.08
3951,radeon pro 570x,GPU,2019-03-18,14.0,150.0,232.0,5700.0,1000.0,GF,AMD,3960.0,3960.0,247.5
3955,radeon pro v320,GPU,2017-06-29,14.0,230.0,495.0,12500.0,852.0,GF,AMD,16379.999999999998,8192.0,512.0
3964,radeon hd 8510 oem,GPU,2013-07-23,40.0,60.0,118.0,716.0,650.0,TSMC,AMD,,624.0,
3971,radeon r7 a360,GPU,2015-01-01,28.0,,125.0,1550.0,900.0,TSMC,AMD,,752.6,
3977,firepro a320,GPU,2012-06-06,32.0,100.0,246.0,1303.0,800.0,TSMC,AMD,,733.4,
3981,radeon hd 7490m,GPU,2012-01-07,40.0,9.0,67.0,370.0,800.0,TSMC,AMD,,256.0,
3984,radeon hd 8670m,GPU,2013-03-01,28.0,,77.0,950.0,775.0,TSMC,AMD,,633.6,
3986,radeon hd 7590m,GPU,2012-01-07,40.0,18.0,104.0,716.0,600.0,TSMC,AMD,,576.0,
3990,radeon rx vega 11 mobile,GPU,2019-10-22,14.0,15.0,210.0,4940.0,300.0,GF,AMD,3942.0,1971.0,123.2
3995,radeon hd 6770m,GPU,2011-01-04,40.0,35.0,104.0,716.0,725.0,TSMC,AMD,,696.0,
3996,radeon hd 6830m,GPU,2011-01-04,40.0,39.0,166.0,1040.0,575.0,TSMC,AMD,,920.0,
3997,radeon hd 6530m,GPU,2010-11-26,40.0,26.0,104.0,627.0,450.0,TSMC,AMD,,360.0,
4006,radeon rx vega m gl,GPU,2018-02-01,14.0,65.0,208.0,5000.0,931.0,GF,AMD,2588.0,2588.0,161.8
4009,radeon hd 7420g igp,GPU,2012-06-06,32.0,35.0,246.0,1303.0,480.0,TSMC,AMD,,167.7,
4011,radeon hd 6450,GPU,2011-04-07,40.0,18.0,67.0,370.0,625.0,TSMC,AMD,,200.0,
4015,radeon rx 6800m,GPU,2021-01-01,7.0,230.0,335.0,17200.0,2321.0,TSMC,AMD,26430.0,13210.0,825.9
4019,radeon pro vega 64,GPU,2017-06-27,14.0,250.0,495.0,12500.0,1250.0,GF,AMD,22120.0,11060.0,691.2
4020,radeon r9 a375,GPU,2015-01-01,28.0,,123.0,1500.0,900.0,TSMC,AMD,,1184.0,
4023,radeon 535 mobile,GPU,2017-04-18,28.0,50.0,125.0,1550.0,730.0,TSMC,AMD,786.4,786.4,49.15
4025,radeon hd 7790,GPU,2013-03-22,28.0,85.0,160.0,2080.0,1000.0,TSMC,AMD,,1792.0,112.0
4027,radeon rx 560 mobile,GPU,2017-01-05,14.0,65.0,123.0,3000.0,1090.0,GF,AMD,2462.0,2462.0,153.9
4036,radeon 550x,GPU,2019-03-27,14.0,50.0,103.0,2200.0,1082.0,GF,AMD,1247.0,1247.0,77.95
4039,radeon r9 m280x,GPU,2015-02-05,28.0,,160.0,2080.0,1000.0,TSMC,AMD,,1971.0,123.2
4048,firepro w5000 dvi,GPU,2013-02-25,28.0,75.0,212.0,2800.0,825.0,TSMC,AMD,,1267.0,79.2
4058,radeon r5 m420,GPU,2016-05-15,28.0,,56.0,690.0,780.0,TSMC,AMD,,544.0,34.0
4060,radeon r7 350,GPU,2016-07-06,28.0,55.0,123.0,1500.0,800.0,TSMC,AMD,,819.2,51.2
4063,radeon hd 7770m,GPU,2012-04-24,28.0,32.0,123.0,1500.0,675.0,TSMC,AMD,,691.2,43.2
4066,radeon hd 6290 igp,GPU,2011-01-07,40.0,9.0,75.0,450.0,276.0,TSMC,AMD,,44.16,
4073,radeon rx 550x 640sp,GPU,2018-04-11,14.0,60.0,123.0,3000.0,1019.0,GF,AMD,1371.0,1371.0,85.68
4075,radeon rx 480,GPU,2016-06-29,14.0,150.0,232.0,5700.0,1120.0,GF,AMD,5834.0,5834.0,364.6
4084,firepro w7000,GPU,2012-06-13,28.0,150.0,212.0,2800.0,950.0,TSMC,AMD,,2432.0,152.0
4087,radeon graphics 448sp,GPU,2021-01-12,7.0,25.0,156.0,9800.0,300.0,TSMC,AMD,3226.0,1613.0,100.8
4089,radeon vega 3 embedded,GPU,2019-01-01,14.0,10.0,210.0,4940.0,300.0,GF,AMD,922.4,461.2,28.82
4098,firepro d500,GPU,2014-01-18,28.0,274.0,352.0,4313.0,725.0,TSMC,AMD,,2227.0,556.8
4099,radeon hd 6770,GPU,2011-01-21,40.0,108.0,166.0,1040.0,850.0,TSMC,AMD,,1360.0,
4107,radeon r9 m370x mac edition,GPU,2015-05-05,28.0,,123.0,1500.0,775.0,TSMC,AMD,,1024.0,64.0
4119,radeon r9 390,GPU,2015-06-18,28.0,275.0,438.0,6200.0,1000.0,TSMC,AMD,,5120.0,640.0
4124,radeon pro wx 4130 mobile,GPU,2017-03-01,14.0,50.0,123.0,3000.0,1002.0,GF,AMD,1348.0,1348.0,84.24
4128,radeon rx 550 mobile,GPU,2017-07-02,14.0,50.0,103.0,2200.0,1100.0,GF,AMD,1647.0,1647.0,103.0
4131,radeon hd 7850m,GPU,2012-04-24,28.0,40.0,123.0,1500.0,675.0,TSMC,AMD,,864.0,54.0
4132,radeon r7 m265,GPU,2014-05-20,28.0,,125.0,1550.0,900.0,TSMC,AMD,752.6,752.6,47.04
4136,radeon hd 8550d igp,GPU,2013-05-23,32.0,65.0,246.0,1303.0,720.0,TSMC,AMD,,432.1,
4140,radeon hd 8830m,GPU,2013-04-01,28.0,,123.0,1500.0,575.0,TSMC,AMD,,800.0,50.0
4143,radeon hd 7670m,GPU,2012-02-17,40.0,20.0,104.0,716.0,600.0,TSMC,AMD,,576.0,
4149,radeon vega 8,GPU,2019-07-07,14.0,15.0,210.0,4940.0,300.0,GF,AMD,2560.0,1280.0,80.0
4150,atari vcs 400 gpu,GPU,2020-12-14,14.0,15.0,210.0,4940.0,300.0,GF,AMD,922.4,461.2,28.82
4153,radeon r9 fury x,GPU,2015-06-24,28.0,275.0,596.0,8900.0,1050.0,TSMC,AMD,8602.0,8602.0,537.6
4154,radeon r5 310 oem,GPU,2015-05-05,40.0,35.0,67.0,370.0,875.0,TSMC,AMD,,280.0,
4163,radeon r9 360 oem,GPU,2015-05-05,28.0,85.0,160.0,2080.0,1000.0,TSMC,AMD,,1613.0,100.8
4164,radeon pro wx 3200 mobile,GPU,2019-07-02,14.0,65.0,103.0,2200.0,1082.0,GF,AMD,1385.0,1385.0,86.56
4171,radeon vega 3 embedded,GPU,2018-09-06,14.0,15.0,210.0,4940.0,300.0,GF,AMD,768.8,384.4,24.02
4173,radeon pro 575x,GPU,2019-03-18,14.0,150.0,232.0,5700.0,1096.0,GF,AMD,4489.0,4489.0,280.6
4174,radeon pro wx 3200,GPU,2019-07-02,14.0,65.0,103.0,2200.0,1295.0,GF,AMD,1658.0,1658.0,103.6
4175,xbox series s gpu,GPU,2020-11-10,7.0,100.0,197.0,8000.0,1565.0,TSMC,AMD,8013.0,4006.0,250.4
4176,radeon rx 540 mobile,GPU,2017-11-11,14.0,50.0,103.0,2200.0,1124.0,GF,AMD,1248.0,1248.0,78.02
4177,radeon hd 8450g igp,GPU,2013-05-23,32.0,35.0,246.0,1303.0,533.0,TSMC,AMD,,276.5,
4178,radeon pro w5500,GPU,2020-02-10,7.0,125.0,158.0,6400.0,1744.0,TSMC,AMD,10450.0,5224.0,326.5
4181,radeon hd 7850,GPU,2012-03-05,28.0,130.0,212.0,2800.0,860.0,TSMC,AMD,,1761.0,110.1
4183,radeon hd 7950 monica bios 2,GPU,2012-01-31,28.0,85.0,352.0,4313.0,800.0,TSMC,AMD,,1229.0,307.2
4186,firepro m4000,GPU,2012-06-27,28.0,33.0,123.0,1500.0,675.0,TSMC,AMD,,691.2,43.2
4188,radeon r9 m375x,GPU,2015-05-05,28.0,,123.0,1500.0,925.0,TSMC,AMD,,1299.0,81.2
4189,firepro w5100,GPU,2014-03-31,28.0,50.0,160.0,2080.0,930.0,TSMC,AMD,,1428.0,89.28
4195,radeon vega 8 mobile,GPU,2019-01-06,14.0,15.0,210.0,4940.0,300.0,GF,AMD,2458.0,1229.0,76.8
4196,radeon r7 250,GPU,2013-10-08,28.0,55.0,123.0,1500.0,700.0,TSMC,AMD,,716.8,44.8
4201,radeon r9 m385x,GPU,2015-05-05,28.0,,160.0,2080.0,1000.0,TSMC,AMD,,1971.0,123.2
4203,radeon r7 m265dx,GPU,2014-06-11,28.0,,125.0,1550.0,900.0,TSMC,AMD,752.6,752.6,47.04
4212,radeon r5 m240 rebrand,GPU,2014-01-10,28.0,,77.0,950.0,650.0,TSMC,AMD,,537.6,33.6
4213,firepro w4190m,GPU,2015-11-12,28.0,,77.0,950.0,825.0,TSMC,AMD,,691.2,43.2
4221,radeon r9 m360,GPU,2015-05-05,28.0,,123.0,1500.0,900.0,TSMC,AMD,,947.2,59.2
4223,radeon hd 6670,GPU,2011-04-19,40.0,66.0,118.0,716.0,800.0,TSMC,AMD,,768.0,
4228,radeon hd 6410d igp,GPU,2011-06-20,32.0,65.0,227.0,1178.0,444.0,TSMC,AMD,,142.1,
4229,radeon r5 m465,GPU,2016-01-01,28.0,,125.0,1550.0,1000.0,TSMC,AMD,,779.5,
4230,radeon hd 7750m,GPU,2012-04-24,28.0,28.0,123.0,1500.0,575.0,TSMC,AMD,,588.8,36.8
4232,radeon e6460,GPU,2011-04-07,40.0,25.0,67.0,370.0,600.0,TSMC,AMD,,192.0,
4235,radeon hd 6550m,GPU,2010-11-26,40.0,26.0,104.0,627.0,600.0,TSMC,AMD,,480.0,
4240,radeon rx vega 64 limited edition,GPU,2017-08-07,14.0,295.0,495.0,12500.0,1247.0,GF,AMD,25330.0,12660.0,791.6
4254,radeon hd 7720 oem,GPU,2013-03-15,40.0,150.0,255.0,1700.0,840.0,TSMC,AMD,,1344.0,
4255,radeon r9 m290x,GPU,2014-01-09,28.0,100.0,212.0,2800.0,850.0,TSMC,AMD,,2304.0,144.0
4257,radeon 630 mobile,GPU,2019-05-13,14.0,50.0,103.0,2200.0,1082.0,GF,AMD,1240.0,1240.0,77.5
4269,firepro w600,GPU,2012-06-13,28.0,75.0,123.0,1500.0,750.0,TSMC,AMD,,768.0,48.0
4270,radeon hd 6970 x2,GPU,NaT,40.0,375.0,389.0,2640.0,880.0,TSMC,AMD,,2703.0,
4273,radeon r7 a260,GPU,2014-01-01,28.0,,125.0,1550.0,900.0,TSMC,AMD,,752.6,
4274,radeon rx 5700m,GPU,2020-01-01,7.0,180.0,251.0,10300.0,1465.0,TSMC,AMD,15850.0,7926.0,495.4
4277,radeon hd 6870 x2,GPU,2011-07-08,40.0,300.0,255.0,1700.0,900.0,TSMC,AMD,,2016.0,
4280,radeon vega 8 mobile,GPU,2019-04-08,14.0,15.0,210.0,4940.0,300.0,GF,AMD,2458.0,1229.0,76.8
4285,firepro s9010,GPU,2012-08-24,28.0,200.0,352.0,4313.0,800.0,TSMC,AMD,,2867.0,716.8
4295,radeon hd 6350a,GPU,2011-04-07,40.0,25.0,59.0,292.0,650.0,TSMC,AMD,,104.0,
4296,radeon r7 350x oem,GPU,2015-05-05,28.0,65.0,77.0,950.0,1000.0,TSMC,AMD,,806.4,50.4
4299,radeon hd 8650g igp,GPU,2013-05-23,32.0,35.0,246.0,1303.0,533.0,TSMC,AMD,,553.0,
4307,radeon r5 mobile graphics,GPU,2016-06-01,28.0,15.0,125.0,1200.0,200.0,GF,AMD,325.2,325.2,20.33
4310,radeon hd 6550d igp,GPU,2011-06-20,32.0,65.0,227.0,1178.0,600.0,TSMC,AMD,,480.0,
4311,radeon r9 390x,GPU,2015-06-18,28.0,275.0,438.0,6200.0,1050.0,TSMC,AMD,,5914.0,739.2
4323,radeon hd 7520g igp,GPU,2012-06-06,32.0,35.0,246.0,1303.0,496.0,TSMC,AMD,,263.4,
4327,radeon vega 8 mobile,GPU,2019-01-08,14.0,35.0,210.0,4940.0,300.0,GF,AMD,2255.0,1127.0,70.46
4338,radeon pro w5700,GPU,2019-11-19,7.0,205.0,251.0,10300.0,1400.0,TSMC,AMD,17330.0,8663.0,541.4
4339,radeon hd 6770m mac edition,GPU,2011-01-28,40.0,35.0,104.0,716.0,725.0,TSMC,AMD,,696.0,
4342,radeon hd 6370d igp,GPU,2011-11-01,32.0,65.0,227.0,1178.0,444.0,TSMC,AMD,,142.1,
4345,radeon r7 250,GPU,2013-10-08,28.0,65.0,77.0,950.0,1000.0,TSMC,AMD,,806.4,50.4
4349,firepro 2270 pcie x1,GPU,2011-01-31,40.0,15.0,59.0,292.0,600.0,TSMC,AMD,,96.0,
4352,radeon hd 6850m,GPU,2011-01-04,40.0,50.0,166.0,1040.0,675.0,TSMC,AMD,,1080.0,
4353,radeon hd 8550 oem,GPU,2013-10-25,40.0,60.0,118.0,716.0,650.0,TSMC,AMD,,624.0,
4354,radeon hd 6490m,GPU,2011-01-04,40.0,,67.0,370.0,800.0,TSMC,AMD,,256.0,
4355,radeon r5 mobile graphics,GPU,2015-11-07,28.0,15.0,125.0,1200.0,200.0,GF,AMD,553.0,553.0,276.5
4356,firepro w5000,GPU,2012-08-07,28.0,75.0,212.0,2800.0,825.0,TSMC,AMD,,1267.0,79.2
4358,radeon e9175 pcie,GPU,2017-10-03,14.0,50.0,103.0,2200.0,1124.0,GF,AMD,1248.0,1248.0,78.02
4363,radeon pro wx 4100,GPU,2016-11-10,14.0,50.0,123.0,3000.0,1125.0,GF,AMD,2460.0,2460.0,153.7
4366,radeon r9 290x2,GPU,2014-06-24,28.0,580.0,438.0,6200.0,1000.0,TSMC,AMD,,5632.0,704.0
4378,radeon hd 7870 ghz edition,GPU,2012-03-05,28.0,175.0,212.0,2800.0,1000.0,TSMC,AMD,,2560.0,160.0
4381,playstation 5 gpu,GPU,2020-11-12,7.0,180.0,308.0,,2233.0,TSMC,AMD,20580.0,10290.0,643.1
4382,radeon r7 m460,GPU,2016-05-15,28.0,,125.0,1550.0,1100.0,TSMC,AMD,864.0,864.0,54.0
4384,radeon hd 8210 igp,GPU,2014-01-31,28.0,8.0,110.0,1178.0,300.0,TSMC,AMD,,76.8,4.8
4386,firepro w8000,GPU,2012-06-14,28.0,225.0,352.0,4313.0,900.0,TSMC,AMD,,3226.0,806.4
4389,radeon hd 8670m,GPU,2013-03-01,28.0,,56.0,690.0,925.0,TSMC,AMD,,624.0,39.0
4395,radeon hd 8590m,GPU,2013-03-01,28.0,,56.0,690.0,750.0,TSMC,AMD,,528.0,33.0
4396,radeon vega 3 embedded,GPU,2018-02-13,14.0,15.0,210.0,4940.0,300.0,GF,AMD,768.8,384.4,24.02
4398,radeon rx 455 oem,GPU,2016-06-30,28.0,100.0,160.0,2080.0,1050.0,TSMC,AMD,,1613.0,100.8
4401,radeon hd 7870m,GPU,2012-04-24,28.0,45.0,123.0,1500.0,800.0,TSMC,AMD,,1024.0,64.0
4404,radeon r9 m470x,GPU,2016-05-15,28.0,,160.0,2080.0,1000.0,TSMC,AMD,,1971.0,123.2
4408,radeon pro 575,GPU,2017-06-05,14.0,150.0,232.0,5700.0,1096.0,GF,AMD,4489.0,4489.0,280.6
4413,radeon hd 7430m,GPU,2012-01-07,40.0,7.0,67.0,370.0,600.0,TSMC,AMD,,192.0,
4414,radeon pro wx 8100,GPU,2017-12-03,14.0,230.0,495.0,12500.0,1200.0,GF,AMD,21500.0,10750.0,672.0
4416,radeon pro 5300m,GPU,2019-11-13,7.0,85.0,158.0,6400.0,1000.0,TSMC,AMD,6400.0,3200.0,200.0
4417,firepro s7150 x2,GPU,2016-02-01,28.0,265.0,366.0,5000.0,1050.0,TSMC,AMD,3763.0,3763.0,235.2
4419,radeon pro 560x,GPU,2018-07-16,14.0,75.0,123.0,3000.0,1004.0,GF,AMD,2056.0,2056.0,128.5
4422,radeon r9 390 x2,GPU,2015-09-03,28.0,580.0,438.0,6200.0,1000.0,TSMC,AMD,,5120.0,640.0
4424,radeon hd 7950 boost,GPU,2012-06-22,28.0,200.0,352.0,4313.0,850.0,TSMC,AMD,,3315.0,828.8
4429,radeon r7 m360,GPU,2015-05-05,28.0,,125.0,1550.0,1100.0,TSMC,AMD,864.0,864.0,54.0
4434,radeon rx 5500m,GPU,2019-10-07,7.0,85.0,158.0,6400.0,1375.0,TSMC,AMD,9265.0,4632.0,289.5
4437,radeon pro vega 56,GPU,2017-08-14,14.0,210.0,495.0,12500.0,1138.0,GF,AMD,17920.0,8960.0,560.0
4441,firepro v3900,GPU,2012-02-07,40.0,50.0,118.0,716.0,650.0,TSMC,AMD,,624.0,
4443,radeon rx 5700 xt 50th anniversary,GPU,2019-07-07,7.0,225.0,251.0,10300.0,1680.0,TSMC,AMD,20280.0,10140.0,633.6
4447,firepro w4150m,GPU,NaT,28.0,,77.0,950.0,800.0,TSMC,AMD,,652.8,
4461,radeon r5 m240,GPU,2014-09-18,28.0,,56.0,690.0,1000.0,TSMC,AMD,,659.2,41.2
4472,radeon hd 8570d igp,GPU,2013-07-10,32.0,65.0,246.0,1303.0,800.0,TSMC,AMD,,409.6,
4474,radeon vega 9 mobile,GPU,2019-10-22,14.0,15.0,210.0,4940.0,300.0,GF,AMD,2995.0,1498.0,93.6
4477,radeon pro 455,GPU,2016-10-30,14.0,35.0,123.0,3000.0,855.0,GF,AMD,1313.0,1313.0,82.08
4478,radeon r7 m340,GPU,2015-12-06,28.0,,77.0,950.0,620.0,TSMC,AMD,,549.1,34.32
4482,radeon hd 7730,GPU,2013-05-01,28.0,47.0,123.0,1500.0,800.0,TSMC,AMD,,614.4,38.4
4486,radeon hd 7550m,GPU,2012-01-07,40.0,14.0,104.0,716.0,500.0,TSMC,AMD,,480.0,
4487,radeon e9390 pcie,GPU,2019-10-15,14.0,75.0,232.0,5700.0,713.0,GF,AMD,3903.0,3903.0,243.9
4492,radeon rx 550 640sp,GPU,2017-10-13,14.0,60.0,123.0,3000.0,1019.0,GF,AMD,1371.0,1371.0,85.68
4494,radeon 530 mobile,GPU,2017-04-18,28.0,50.0,125.0,1550.0,730.0,TSMC,AMD,786.4,786.4,49.15
4495,radeon r5 m320,GPU,2015-05-05,28.0,,56.0,690.0,780.0,TSMC,AMD,,547.2,34.2
4496,radeon r5 a240,GPU,2014-01-01,28.0,50.0,77.0,950.0,730.0,TSMC,AMD,,499.2,
4499,radeon pro 560,GPU,2017-04-18,14.0,75.0,123.0,3000.0,907.0,GF,AMD,1858.0,1858.0,116.1
4501,radeon hd 8210e,GPU,2013-04-23,28.0,9.0,110.0,1178.0,300.0,TSMC,AMD,,76.8,4.8
4505,radeon rx 580x,GPU,2018-04-11,14.0,185.0,232.0,5700.0,1257.0,GF,AMD,6175.0,6175.0,385.9
4509,radeon r7 m370,GPU,2015-05-05,28.0,,56.0,690.0,900.0,TSMC,AMD,,737.3,46.08
4510,radeon rx 560x,GPU,2018-04-11,14.0,75.0,123.0,3000.0,1175.0,GF,AMD,2611.0,2611.0,163.2
4512,radeon pro 570,GPU,2017-06-05,14.0,150.0,232.0,5700.0,1000.0,GF,AMD,3960.0,3960.0,247.5
4519,firepro m6000,GPU,2012-07-01,28.0,43.0,123.0,1500.0,800.0,TSMC,AMD,,1024.0,64.0
4520,radeon rx vega 11 mobile,GPU,2018-05-10,14.0,35.0,210.0,4940.0,300.0,GF,AMD,3523.0,1761.0,110.1
4522,radeon sky 700,GPU,2013-03-27,28.0,225.0,352.0,4313.0,900.0,TSMC,AMD,,3226.0,806.4
4524,radeon 625 mobile,GPU,2019-05-13,28.0,50.0,125.0,1550.0,730.0,TSMC,AMD,786.4,786.4,49.15
4530,radeon hd 8570m,GPU,2013-03-01,28.0,,56.0,690.0,750.0,TSMC,AMD,,528.0,33.0
4531,radeon r9 270x,GPU,2013-10-08,28.0,180.0,212.0,2800.0,1000.0,TSMC,AMD,,2688.0,168.0
4533,radeon r5 340x oem,GPU,2015-05-05,28.0,65.0,77.0,950.0,900.0,TSMC,AMD,,691.2,43.2
4535,radeon rx 560dx,GPU,2018-04-11,14.0,65.0,123.0,3000.0,1090.0,GF,AMD,2106.0,2106.0,131.6
4536,radeon r7 260x,GPU,2013-10-08,28.0,115.0,160.0,2080.0,1100.0,TSMC,AMD,,1971.0,123.2
4538,radeon hd 6370m,GPU,2010-11-26,40.0,11.0,59.0,292.0,750.0,TSMC,AMD,,120.0,
4539,radeon hd 8770 oem,GPU,2013-09-02,28.0,85.0,160.0,2080.0,1050.0,TSMC,AMD,,1882.0,117.6
4552,radeon vega 10 mobile,GPU,2019-01-06,14.0,15.0,210.0,4940.0,300.0,GF,AMD,3584.0,1792.0,112.0
4553,radeon r5 m430,GPU,2016-05-15,28.0,,56.0,690.0,780.0,TSMC,AMD,,659.2,41.2
4560,radeon r7 a360,GPU,2015-05-05,28.0,,125.0,1550.0,1100.0,TSMC,AMD,864.0,864.0,54.0
4563,radeon hd 6390,GPU,2011-07-04,40.0,39.0,104.0,627.0,550.0,TSMC,AMD,,352.0,
4564,firepro s7150,GPU,2016-02-01,28.0,150.0,366.0,5000.0,920.0,TSMC,AMD,7537.0,3768.0,235.5
4573,radeon r9 295x2,GPU,2014-04-29,28.0,500.0,438.0,6200.0,1018.0,TSMC,AMD,,5733.0,716.7
4576,radeon vega 11,GPU,2019-09-30,14.0,15.0,210.0,4940.0,300.0,GF,AMD,3942.0,1971.0,123.2
4577,radeon hd 7330m,GPU,2012-01-07,40.0,5.0,59.0,292.0,500.0,TSMC,AMD,,80.0,
4580,radeon hd 8650d igp,GPU,2013-12-28,32.0,65.0,246.0,1303.0,720.0,TSMC,AMD,,648.2,
4583,radeon r7 265x oem,GPU,2014-08-12,28.0,150.0,212.0,2800.0,900.0,TSMC,AMD,,2368.0,148.0
4584,radeon r5 m335,GPU,2015-10-21,28.0,,56.0,690.0,1070.0,TSMC,AMD,,684.8,42.8
4588,radeon hd 6990m rebrand,GPU,2011-07-12,40.0,100.0,166.0,1040.0,800.0,TSMC,AMD,,1280.0,
4590,radeon r5 235 oem,GPU,2013-12-21,40.0,35.0,67.0,370.0,775.0,TSMC,AMD,,248.0,
4593,radeon hd 8400e,GPU,2013-04-23,28.0,25.0,110.0,1178.0,600.0,TSMC,AMD,,153.6,9.6
4600,radeon r7 m340,GPU,2015-05-05,28.0,,125.0,1550.0,943.0,TSMC,AMD,653.4,653.4,40.84
4608,radeon hd 6250 igp,GPU,2010-11-09,40.0,9.0,75.0,450.0,500.0,TSMC,AMD,,80.0,
4626,radeon pro wx 3100,GPU,2017-06-12,14.0,65.0,103.0,2200.0,925.0,GF,AMD,1248.0,1248.0,78.02
4629,firepro w6150m,GPU,2015-11-12,28.0,,160.0,2080.0,1075.0,TSMC,AMD,,1651.0,103.2
4631,radeon r4 mobile graphics,GPU,2014-06-11,28.0,15.0,107.0,930.0,800.0,GF,AMD,,204.8,12.8
4633,radeon rx vega 10 mobile,GPU,2017-10-26,14.0,10.0,210.0,4940.0,300.0,GF,AMD,3331.0,1665.0,104.1
4636,nvidia geforce 9100m g mgpu amd,GPU,2008-07-29,80.0,12.0,127.0,210.0,450.0,Unknown,AMD,,35.2,
4637,radeon 610 mobile,GPU,2019-05-23,28.0,50.0,56.0,690.0,1030.0,TSMC,AMD,,659.2,41.2
4642,firepro a300,GPU,2012-06-06,32.0,65.0,246.0,1303.0,760.0,TSMC,AMD,,695.0,
4647,radeon instinct mi50,GPU,2018-11-18,7.0,300.0,331.0,13230.0,1200.0,TSMC,AMD,26820.0,13410.0,6705.0
4648,radeon rx 540x mobile,GPU,2018-04-11,14.0,50.0,103.0,2200.0,1124.0,GF,AMD,1240.0,1240.0,77.5
4649,radeon r9 m390 mac edition,GPU,2015-05-05,28.0,80.0,212.0,2800.0,958.0,TSMC,AMD,,1962.0,122.6
4650,radeon vega 3 mobile,GPU,2018-01-08,14.0,15.0,210.0,4940.0,300.0,GF,AMD,845.6,422.8,26.42
4651,radeon e6760 pcie,GPU,2011-05-02,40.0,45.0,118.0,716.0,600.0,TSMC,AMD,,576.0,
4652,firepro rg220a,GPU,2010-05-01,55.0,35.0,73.0,242.0,500.0,TSMC,AMD,,80.0,
4654,radeon r7 m265,GPU,2014-01-09,28.0,,77.0,950.0,725.0,TSMC,AMD,,633.6,
4662,radeon hd 7630m,GPU,2012-01-07,40.0,20.0,104.0,716.0,450.0,TSMC,AMD,,432.0,
4664,radeon hd 6520g igp,GPU,2011-12-07,32.0,35.0,227.0,1178.0,400.0,TSMC,AMD,,256.0,
4668,radeon hd 6250,GPU,2011-01-31,40.0,19.0,59.0,292.0,650.0,TSMC,AMD,,104.0,
4669,radeon rx vega 64,GPU,2017-08-07,14.0,295.0,495.0,12500.0,1247.0,GF,AMD,25330.0,12660.0,791.6
4670,firepro m5950,GPU,2011-01-04,40.0,35.0,104.0,716.0,725.0,TSMC,AMD,,696.0,
4672,radeon rx vega 11 embedded,GPU,2018-04-19,14.0,35.0,210.0,4940.0,300.0,GF,AMD,3523.0,1761.0,110.1
4676,radeon r5 m430,GPU,2016-05-15,28.0,,56.0,690.0,1030.0,TSMC,AMD,,659.2,41.2
4682,radeon r5 m250,GPU,NaT,28.0,,56.0,690.0,650.0,TSMC,AMD,,448.0,
4683,radeon 550,GPU,2017-04-20,14.0,50.0,103.0,2200.0,1100.0,GF,AMD,1211.0,1211.0,75.71
4688,radeon r9 285,GPU,2014-09-02,28.0,190.0,366.0,5000.0,918.0,TSMC,AMD,3290.0,3290.0,205.6
4689,firestream 9350,GPU,2010-06-01,40.0,150.0,334.0,2154.0,700.0,TSMC,AMD,,2016.0,403.2
4696,firepro v7900,GPU,2011-05-24,40.0,150.0,389.0,2640.0,725.0,TSMC,AMD,,1856.0,464.0
4697,radeon rx 470,GPU,2016-08-04,14.0,120.0,232.0,5700.0,926.0,GF,AMD,4940.0,4940.0,308.7
4698,radeon r6 m255dx,GPU,2014-10-12,28.0,,125.0,1550.0,925.0,TSMC,AMD,721.9,721.9,45.12
4701,radeon hd 7290 igp,GPU,2012-06-06,40.0,18.0,75.0,450.0,276.0,TSMC,AMD,,44.16,
4705,firepro v5900,GPU,2011-05-24,40.0,75.0,389.0,2640.0,600.0,TSMC,AMD,,614.4,153.6
4711,firepro v4900,GPU,2011-11-01,40.0,75.0,118.0,716.0,800.0,TSMC,AMD,,768.0,
4723,firepro s7000,GPU,2012-08-27,28.0,150.0,212.0,2800.0,950.0,TSMC,AMD,,2432.0,152.0
4728,radeon rx 470d,GPU,2016-10-21,14.0,120.0,232.0,5700.0,926.0,GF,AMD,4322.0,4322.0,270.1
4740,radeon hd 6310 igp,GPU,2010-11-09,40.0,18.0,75.0,450.0,276.0,TSMC,AMD,,44.16,
4744,radeon hd 6610,GPU,2013-03-20,40.0,39.0,104.0,627.0,650.0,TSMC,AMD,,520.0,
4745,radeon hd 8670 oem,GPU,2013-01-08,28.0,75.0,77.0,950.0,1000.0,TSMC,AMD,,806.4,50.4
4761,radeon hd 7470 oem,GPU,2012-01-05,40.0,27.0,67.0,370.0,750.0,TSMC,AMD,,240.0,
4764,xbox one x gpu,GPU,2017-11-07,16.0,150.0,359.0,7000.0,1172.0,TSMC,AMD,6001.0,6001.0,
4772,radeon rx 5600 oem,GPU,2020-01-21,7.0,150.0,251.0,10300.0,1130.0,TSMC,AMD,12780.0,6390.0,399.4
4777,radeon graphics 320sp,GPU,2020-01-06,7.0,15.0,156.0,9800.0,400.0,TSMC,AMD,1792.0,896.0,56.0
4781,radeon rx 590,GPU,2018-11-15,12.0,175.0,232.0,5700.0,1469.0,GF,AMD,7119.0,7119.0,445.0
4782,radeon hd 6570,GPU,2011-02-07,40.0,44.0,104.0,716.0,650.0,TSMC,AMD,,624.0,
4787,radeon hd 8610g igp,GPU,2013-05-23,32.0,35.0,246.0,1303.0,533.0,TSMC,AMD,,480.8,
4789,radeon hd 6490,GPU,2011-07-04,40.0,39.0,104.0,627.0,550.0,TSMC,AMD,,352.0,
4790,radeon e9173 pcie,GPU,2017-10-03,14.0,35.0,103.0,2200.0,1124.0,GF,AMD,1248.0,1248.0,78.02
4793,radeon hd 6570,GPU,2011-04-19,40.0,60.0,118.0,716.0,650.0,TSMC,AMD,,624.0,
4799,radeon r7 250e,GPU,2013-12-20,28.0,55.0,123.0,1500.0,800.0,TSMC,AMD,,819.2,51.2
4802,radeon pro 460,GPU,2016-10-30,14.0,35.0,123.0,3000.0,850.0,GF,AMD,1858.0,1858.0,116.1
4808,radeon hd 7550m,GPU,2012-01-07,40.0,14.0,104.0,716.0,450.0,TSMC,AMD,,440.0,
4810,radeon pro v7300x,GPU,NaT,14.0,130.0,232.0,5700.0,1188.0,GF,AMD,,5728.0,358.0
4820,firepro w4130m,GPU,NaT,28.0,,77.0,950.0,775.0,TSMC,AMD,,633.6,
4827,radeon hd 8570a,GPU,2013-03-01,28.0,,56.0,690.0,750.0,TSMC,AMD,,528.0,33.0
4828,radeon r6 m435dx,GPU,2016-12-12,28.0,,56.0,690.0,955.0,TSMC,AMD,,791.0,49.44
4829,radeon r5 220 oem,GPU,2013-12-21,40.0,19.0,59.0,292.0,650.0,TSMC,AMD,,104.0,
4830,radeon rx 550x mobile,GPU,2018-04-11,14.0,50.0,103.0,2200.0,1100.0,GF,AMD,1505.0,1505.0,94.08
4833,radeon r9 280x2,GPU,NaT,28.0,375.0,352.0,4313.0,950.0,TSMC,AMD,,4096.0,1024.0
4836,radeon instinct mi25,GPU,2017-06-27,14.0,300.0,495.0,12500.0,1400.0,GF,AMD,24580.0,12290.0,768.0
4839,radeon r7 350 640sp,GPU,2019-01-07,28.0,55.0,123.0,1500.0,925.0,TSMC,AMD,,1184.0,74.0
