ID,Architecture,Best_Resolution,Core_Speed,Direct_X,Integrated,L2_Cache,Manufacturer,Max_Power,Memory,Memory_Bandwidth,Memory_Bus,Memory_Speed,Memory_Type,GPUname,Notebook_GPU,Open_GL,PSU,Pixel_Rate,Power_Connector,Process,ROPs,Release_Date,Release_Price,Resolution_WxH,Shader,TMUs,Texture_Rate,VGA_Connection,Release Date,Process Size (nm),TDP (W),Die Size (mm^2),Transistors (million),Freq (MHz),Foundry,Vendor,FP32 GFLOPS,FP64 GFLOPS
1,282,,-,8.1,,0,,,128,5.2,128,325,,4980,,1.5,,1,,150,4,01--2002,,,1.3,8.0,2,0.0,2002-11-12,150.0,,101.0,36.0,300.0,,,,
2,110,19201080,650,12.0,,768,,250,6144,177.6,384,925,5,2090,,4.5,60042,31,16-18-,40,48,25--2011,,25601600,5.0,56.0,36,0.0,2011-07-25,40.0,250.0,520.0,3000.0,651.0,,,1332.0,666.1
3,110,25601600,706,12.0,,1536,,245,12288,288.4,384,1502,5,40,,4.5,,34,,28,48,12--2013,,40962160,5.0,240.0,169,0.0,2013-10-08,28.0,245.0,561.0,7080.0,745.0,,,5046.0,1682.0
4,1042,,-,11.1,,0,,300,8192,320,512,1250,5,10,,4.2,650,,,28,,15--2012,,40962160,5.0,,,0.0,2012-05-01,28.0,225.0,294.0,3540.0,745.0,,,2289.0,95.36
5,110,,732,12.0,,1536,,235,6144,249.6,384,1300,5,20,,4.5,,,,28,,12--2012,,40962160,5.0,,,0.0,2012-11-12,28.0,235.0,561.0,7080.0,732.0,,,3935.0,1312.0
6,100,,575,12.0,,768,,238,6144,144,384,750,5,2070,,4.5,750,,,40,,01--2010,,25601600,5.0,,,0.0,2011-07-25,40.0,238.0,529.0,3100.0,574.0,,,1028.0,513.9
7,100,,575,12.0,,768,,247,6144,144,384,750,5,2075,,4.5,750,,,40,,01--2011,,25601600,5.0,,,0.0,2011-07-25,40.0,247.0,520.0,3000.0,574.0,,,1028.0,513.9
8,252,,-,8.1,,0,,,128,3.6,128,225,,4750,,1.5,,1,,150,4,19--2002,,,1.3,8.0,2,0.0,2002-02-19,150.0,,142.0,63.0,275.0,,,,
9,282,,-,8.1,,0,,,128,5.2,128,325,,4900,,1.5,,1,,150,4,01--2002,,,1.3,8.0,2,0.0,2002-02-19,150.0,,142.0,63.0,300.0,,,,
10,100,,575,12.0,,768,,238,3072,144,384,750,5,2050,,4.5,750,,,40,,01--2010,,25601600,5.0,,,0.0,2011-07-25,40.0,238.0,529.0,3100.0,574.0,,,1028.0,513.9
11,184,,-,8.1,,0,,,64,3.2,128,200,,4580,,1.5,,1,,150,4,01--2002,,,1.3,4.0,1,0.0,2002-11-12,150.0,,65.0,29.0,300.0,,,,
12,173,,-,8.1,,0,,,64,3.2,128,200,,4550,,1.5,,1,,150,4,19--2002,,,1.3,4.0,1,0.0,2002-02-19,150.0,,65.0,29.0,270.0,,,,
13,184,,-,8.1,,0,,,128,4.1,128,256,,4380,,1.5,,1,,150,4,19--2002,,,1.3,4.0,1,0.0,2002-11-12,150.0,,65.0,29.0,275.0,,,,
14,252,,-,8.1,,0,,,64,3.6,128,225,,4700,,1.5,,1,,150,4,19--2002,,,1.3,8.0,2,0.0,2002-02-19,150.0,,142.0,63.0,275.0,,,,
15,173,,-,8.1,,0,,,128,2.7,128,166,,4500,,1.5,,1,,150,4,19--2002,,,1.3,4.0,1,0.0,2002-02-19,150.0,,65.0,29.0,250.0,,,,
16,72,,-,9,,0,,45,1024,,256,,3,510,,2.1,,,,,,07--2010,,16001200,3.0,,,,2006-08-21,90.0,35.0,196.0,278.0,450.0,,,,
17,72,,-,9,,0,,16,512,16,128,500,3,300,,3.3,,,,,,24--2006,,16001200,4.0,,,,2006-05-24,90.0,16.0,125.0,177.0,500.0,,,,
18,84,,-,10,,0,,20,512,22.4,128,700,3,320,,3.3,,,,80,,09--2007,,16001200,4.0,,,,2007-06-09,80.0,20.0,169.0,289.0,575.0,,,73.6,
19,98,,-,10,,0,,12,256,11.2,64,700,3,160,,3.3,,,,,,15--2008,,19201200,4.0,,,,2008-08-15,65.0,12.0,86.0,210.0,580.0,,,23.2,
20,98,,-,10,,0,,10,256,11.2,64,700,3,150,,3.3,,,,,,15--2008,,16801050,4.0,,,,2008-08-15,65.0,10.0,86.0,210.0,530.0,,,20.8,
21,108,,660,12.0,,256,,35,2048,28.8,128,900,3,5400,,4.5,,,,40,,01--2012,,25601600,5.0,,,,2012-06-01,40.0,35.0,116.0,585.0,660.0,,,253.4,21.12
22,94,,-,10,,0,,75,1024,51.2,256,800,3,9800,,2.1,,,,,,01--2008,,25601600,4.0,,,,2008-07-29,65.0,75.0,240.0,505.0,600.0,,,192.0,
23,94,,-,10,,0,,75,1024,51.2,256,800,3,9800,,2.1,,,,,,01--2008,,25601600,4.0,,,,2008-08-21,65.0,75.0,240.0,505.0,600.0,,,192.0,
24,92,,-,10,,0,,75,1024,51.2,256,800,3,9800,,2.1,,,,65,,01--2008,,25601600,4.0,,,,2008-07-15,65.0,75.0,324.0,754.0,500.0,,,280.0,
25,94,,-,10,,0,,60,512,51.2,256,800,3,9800,,2.1,,,,,,02--2008,,25601600,4.0,,,,2008-11-01,65.0,60.0,240.0,505.0,530.0,,,169.6,
26,96,,-,10,,0,,45,512,25.6,128,800,3,9700,,2.1,,,,,,01--2008,,25601600,4.0,,,,2008-07-29,65.0,45.0,144.0,314.0,625.0,,,99.2,
27,92,,-,10,,0,,65,512,51.2,256,800,3,9800,,2.1,,,,65,,01--2008,,25601600,4.0,,,,2008-07-29,65.0,65.0,324.0,754.0,500.0,,,240.0,
28,84,,-,10,,0,,29,512,25.6,128,800,3,9650,,2.1,,,,80,,02--2008,,25601600,4.0,,,,2008-03-13,80.0,29.0,169.0,289.0,625.0,,,80.0,
29,94,,-,10,,0,,60,512,51.2,256,800,3,9700,,2.1,,,,,,01--2008,,25601600,4.0,,,,2008-07-29,65.0,60.0,240.0,505.0,530.0,,,127.2,
30,96,,-,10,,0,,23,1024,25.6,128,800,3,9600,,2.1,,,,,,02--2008,,25601600,4.0,,,,2008-06-04,55.0,23.0,121.0,314.0,500.0,,,80.0,
31,96,,-,10,,0,,23,1024,25.6,128,800,3,9650,,2.1,,,,,,19--2008,,25601600,4.0,,,,2008-08-19,55.0,23.0,121.0,314.0,550.0,,,84.8,
32,84,,-,10,,0,,20,512,22.4,128,700,3,9500,,2.1,,,,80,,01--2008,,25601600,4.0,,,,2008-02-01,80.0,20.0,169.0,289.0,475.0,,,60.8,
33,96,,-,10,,0,,20,1024,25.6,128,800,3,9600,,2.1,,,,,,03--2008,,25601600,4.0,,,,2008-06-03,55.0,20.0,121.0,314.0,430.0,,,68.8,
34,96,,-,10,,0,,20,1024,25.6,128,800,3,9500,,2.1,,,,,,03--2008,,25601600,4.0,,,,2008-06-03,65.0,20.0,144.0,314.0,500.0,,,40.0,
35,98,,-,10,,0,,13,256,11.2,64,700,3,9300,,2.1,,,,,,02--2008,,25601600,4.0,,,,2008-06-04,65.0,13.0,86.0,210.0,550.0,,,22.4,
36,86,,-,10,,0,,13,256,9.6,64,600,3,9300,,2.1,,,,80,,02--2008,,25601600,4.0,,,,2008-02-01,80.0,13.0,127.0,210.0,400.0,,,25.6,
37,,,-,10,,0,,12,256,,,,,9400,,3.3,,,,,,01--2008,,25601600,4.0,,,,2008-10-15,65.0,12.0,144.0,314.0,450.0,,,35.2,
38,,,-,10,,0,,12,256,,,,,9400,,3.3,,,,,,01--2008,,25601600,4.0,,,,2008-10-15,65.0,12.0,144.0,314.0,580.0,,,44.8,
39,98,,-,10,,0,,13,256,11.2,64,700,3,9200,,2.1,,,,,,03--2008,,25601600,4.0,,,,2008-06-03,65.0,13.0,86.0,210.0,550.0,,,22.4,
40,79,,-,10,,0,,12,,,128,,,9400,,3.3,,,,,,01--2008,,25601600,4.0,,,,2008-10-15,65.0,12.0,144.0,314.0,450.0,,,35.2,
41,216,,-,10.1,,0,,35,1024,25.3,128,790,3,880,,3.2,,,,40,,07--2010,,,4.0,,,,2010-01-07,40.0,35.0,100.0,486.0,550.0,,,116.2,
42,9-2,,-,10,,0,,35,512,25.6,128,800,3,770,,2.1,,,,,,14--2008,,25601600,4.0,,,,2008-08-14,65.0,35.0,144.0,314.0,500.0,,,80.0,
43,28,,-,8.1,,0,,,128,3.2,128,200,,44200,,1.3,,,,,,14--2002,,,1.1,,,,2002-11-14,150.0,,101.0,36.0,200.0,,,,
44,92,,-,10,,0,,75,1024,51.2,256,800,3,3700,,2.1,,,,65,,14--2008,,25601600,4.0,,,,2008-08-14,65.0,75.0,324.0,754.0,550.0,,,352.0,
45,84,,-,10,,0,,45,512,22.4,128,700,3,570,,2.1,,,,80,,01--2007,,25601600,4.0,,,,2007-06-01,80.0,45.0,169.0,289.0,475.0,,,60.8,
46,218,,-,10.1,,0,,25,512,12.8,64,800,3,380,,3.2,,,,40,,07--2010,,25601600,4.0,,,,2010-01-07,40.0,25.0,57.0,260.0,606.0,,,46.98,
47,92,,-,10,,0,,100,,64,256,1000,3,3800,,3.2,,,,65,,22--2009,,25601600,4.0,,,,2008-08-14,65.0,100.0,324.0,754.0,675.0,,,422.4,
48,86,,-,10,,0,,17,256,9.6,64,600,3,360,,2.1,,,,80,,09--2007,,25601600,4.0,,,,2007-05-09,80.0,17.0,127.0,210.0,400.0,,,25.6,
49,92,,-,10,,0,,70,1024,51.2,256,800,3,3600,,2.1,,,,65,,23--2008,,25601600,4.0,,,,2008-02-23,65.0,70.0,324.0,754.0,500.0,,,160.0,
50,92,,-,10,,0,,70,1024,51.2,256,800,3,3600,,2.1,,,,65,,23--2008,,25601600,4.0,,,,2008-02-23,65.0,70.0,324.0,754.0,500.0,,,240.0,
51,92,,-,10,,0,,75,1024,64,256,1000,3,2800,,3.2,,,,65,,01--2009,,25601600,4.0,,,,2009-12-01,65.0,75.0,324.0,754.0,600.0,,,288.0,
52,72,,-,10,,0,,15,256,5.6,64,350,3,350,,2.1,,,,,,31--2006,,25601600,4.0,,,,2006-03-13,90.0,15.0,81.0,112.0,450.0,,,,
53,71,,-,10,,0,,45,512,44.8,256,700,3,3500,,2.1,,,,,,01--2007,,25601600,4.0,,,,2007-03-01,90.0,45.0,196.0,278.0,575.0,,,,
54,71,,-,9.0,,0,,45,1024,38.4,256,600,3,2500,,2.1,,,,,,29--2005,,25601600,4.0,,,,2005-09-29,90.0,45.0,196.0,278.0,500.0,,,,
55,215,,-,10.1,,0,,45,1024,70.4,128,1100,5,1800,,3.2,,,,40,,01--2010,,,4.0,,,,2009-06-15,40.0,45.0,144.0,727.0,561.0,,,162.0,
56,96,,-,10,,0,,50,512,25.6,128,800,3,1700,,2.1,,,,,,01--2008,,25601600,4.0,,,,2008-10-01,65.0,50.0,144.0,314.0,625.0,,,99.2,
57,208,,980,12.0,,128,,30,1024,20.8,64,650,5,610,,4.5,,8,,28,8,23--2013,,40962160,5.0,16.0,16,,2013-07-23,28.0,30.0,87.0,1020.0,980.0,,,376.3,15.68
58,71,,-,10,,0,,45,512,32,256,500,3,1500,,2.1,,,,,,18--2006,,25601600,4.0,,,,2006-04-18,90.0,45.0,196.0,278.0,375.0,,,,
59,94,,-,10,,0,,65,512,51.2,256,800,3,2700,,2.1,,,,,,14--2008,,25601600,4.0,,,,2008-08-14,65.0,65.0,240.0,505.0,530.0,,,127.2,
60,104,19201080,771,12.0,,512,,100,8192,115.5,256,902,5,5100,,4.5,,25,,28,32,23--2013,,40962160,5.0,128.0,99,,2013-07-23,28.0,100.0,294.0,3540.0,771.0,,,2369.0,98.69
61,104,,601,12.0,,512,,100,4096,89.6,256,700,5,4000,,4.5,,19,,28,32,01--2012,,40962160,5.0,80.0,48,,2012-06-01,28.0,100.0,294.0,3540.0,601.0,,,1154.0,48.08
62,107,,850,12.0,,256,,,1024,14.4,64,900,3,500,,4.5,,,,28,,01--2012,,40962160,5.0,,,,2012-06-01,28.0,35.0,118.0,1270.0,850.0,,,326.4,13.6
63,104,19201080,601,12.0,,512,,100,4096,96,256,750,5,5000,,4.5,,19,,28,32,01--2012,,40962160,5.0,112.0,67,,2012-08-07,28.0,100.0,294.0,3540.0,601.0,,,1615.0,67.31
64,104,,654,12.0,,512,,75,2048,89.6,256,700,5,3000,,4.5,,,,28,,01--2012,,40962160,5.0,,,,2012-06-01,28.0,75.0,294.0,3540.0,654.0,,,753.4,31.39
65,107,,745,12.0,,256,,55,2048,28.8,128,900,3,2000,,4.5,,,,28,,01--2012,,40962160,5.0,,,,2012-06-01,28.0,55.0,118.0,1270.0,745.0,,,572.2,23.84
66,110,,-,11,,0,,100,4096,166.4,256,1300,5,5010,,4.1,,,,40,,22--2011,,,5.0,,,,2011-02-22,40.0,100.0,520.0,3000.0,450.0,,,691.2,
67,107,,706,12.0,,256,,45,2048,44.8,128,700,5,1100,,4.5,,11,,28,16,23--2013,,40962160,5.0,32.0,23,,2013-07-23,28.0,45.0,118.0,1270.0,706.0,,,542.2,22.59
68,104,,706,12.0,,512,,75,4096,102.4,256,800,5,3100,,4.5,,23,,28,32,23--2013,,40962160,5.0,64.0,45,,2013-07-23,28.0,75.0,294.0,3540.0,706.0,,,1084.0,45.18
69,107,,850,12.0,,256,,45,2048,28.8,128,900,3,1000,,4.5,,14,,28,16,01--2012,,40962160,5.0,16.0,14,,2012-06-01,28.0,45.0,118.0,1270.0,850.0,,,326.4,13.6
70,110,,-,11,,0,,100,2048,153.6,256,1200,5,4000,,4.1,,,,40,,22--2011,,,5.0,,,,2011-02-22,40.0,100.0,332.0,1950.0,475.0,,,638.4,53.2
71,110,,-,11,,0,,75,2048,80,256,625,5,3000,,4.1,,,,40,,22--2011,,,5.0,,,,2011-02-22,40.0,75.0,332.0,1950.0,450.0,,,432.0,36.0
72,106-12-3,1366720,550,12.0,,256,,55,2048,28.8,128,900,3,2000,,4.5,,9,,40,16,13--2011,,25601600,5.0,32.0,18,,2011-01-13,40.0,55.0,238.0,1170.0,550.0,,,422.4,35.2
73,84,,-,10,,0,,50,512,25.6,128,800,3,1600,,2.1,,,,80,,01--2007,,25601600,4.0,,,,2007-06-01,80.0,50.0,169.0,289.0,625.0,,,80.0,
74,104,,-,11,,0,,100,2048,153.6,256,1200,5,5000,,4.0,,,,40,,27--2010,,,5.0,,,,2010-07-27,40.0,100.0,529.0,3100.0,405.0,,,518.4,
75,108,,625,12.0,,256,,,1024,14.4,64,900,3,5200,,4.5,,,,40,,01--2012,,25601600,5.0,,,,2012-09-17,40.0,25.0,116.0,585.0,672.0,,,258.0,21.5
76,108,,625,12.0,,256,,,1024,14.4,64,900,3,5200,,4.5,,,,40,,01--2012,,25601600,5.0,,,,2012-06-01,28.0,25.0,116.0,585.0,625.0,,,240.0,20.0
77,108,,-,11,,0,,45,2048,28.8,128,900,3,1000,,4.1,,,,40,,22--2011,,,5.0,,,,2011-01-13,40.0,45.0,116.0,585.0,700.0,,,268.8,22.4
78,216,,-,10.1,,0,,35,1024,25.6,128,800,3,5100,,3.3,,,,40,,07--2010,,25601600,4.1,,,,2010-01-07,40.0,35.0,100.0,486.0,550.0,,,116.2,
79,119,,810,12.0,,128,,,1024,12.8,64,800,3,4200,,4.5,,,,40,,22--2011,,25601600,4.1,,,,2011-02-22,40.0,25.0,79.0,292.0,810.0,,,155.5,12.96
80,218,,-,10.1,,0,,14,512,12.8,64,800,3,3100,,3.3,,,,40,,07--2010,,25601600,4.1,,,,2010-01-07,40.0,14.0,57.0,260.0,606.0,,,46.98,
81,218,,-,10.1,,0,,14,512,12.8,64,800,3,2100,,3.3,,,,40,,07--2010,,25601600,4.1,,,,2010-01-07,40.0,11.0,57.0,260.0,535.0,,,39.36,
82,86,,-,10,,0,,10,256,9.6,64,600,3,135,,3.3,,,,80,,09--2007,,16001200,4.0,,,,2007-05-09,80.0,10.0,127.0,210.0,400.0,,,25.6,
83,86,,-,10,,0,,10,256,11.2,64,700,3,130,,3.3,,,,80,,09--2007,,16001200,4.0,,,,2007-05-09,80.0,10.0,127.0,210.0,400.0,,,12.8,
84,72,,-,9,,0,,10,512,11.2,64,700,3,120,,2.1,,,,,,01--2006,,16001200,3.0,,,,2006-06-01,90.0,10.0,81.0,112.0,450.0,,,,
85,72,,-,9,,0,,10,512,,64,,,110,,2.1,,,,,,01--2006,,16001200,3.0,,,,2006-06-01,90.0,10.0,81.0,112.0,300.0,,,,
86,92,,-,10,,0,,65,512,51.2,256,800,3,8800,,2.1,,,,65,,01--2007,,25601600,4.0,,,,2007-11-01,65.0,65.0,324.0,754.0,500.0,,,240.0,
87,92,,-,10,,0,,50,512,51.2,256,800,3,8800,,2.1,,,,65,,01--2007,,25601600,4.0,,,,2007-11-01,65.0,50.0,324.0,754.0,500.0,,,160.0,
88,71,,-,9,,0,,45,512,38.4,256,600,3,7900,,2.1,,,,,,01--2006,,25601600,3.0,,,,2006-04-18,90.0,45.0,196.0,278.0,500.0,,,,
89,72,,-,9,,0,,,64,2.8,32,350,3,7200,,2.1,,,,,,01--2006,,25601600,3.0,,,,2006-09-01,90.0,,81.0,112.0,450.0,,,,
90,70,,-,9,,0,,65,512,35.2,256,550,3,7800,,2.1,,,,,,01--2005,,25601600,3.0,,,,2005-09-29,110.0,65.0,333.0,302.0,440.0,,,,
91,71,,-,9,,0,,45,512,44.8,256,700,3,7950,,2.1,,,,,,01--2006,,25601600,3.0,,,,2006-10-12,90.0,45.0,196.0,278.0,575.0,,,,
92,71,,-,9,,0,,20,512,32,256,500,3,7900,,2.1,,,,,,01--2006,,25601600,3.0,,,,2006-04-18,90.0,20.0,196.0,278.0,375.0,,,,
93,94,,-,10,,0,,60,1024,51.2,256,800,3,160,,2.1,,,,55,,02--2009,,25601600,4.0,,,,2009-03-03,65.0,60.0,240.0,505.0,600.0,,,192.0,
94,114,1600900,575,12.0,,512,,75,1536,72,192,750,5,570,,4.5,,14,,40,24,28--2011,,25601600,5.0,56.0,32,,2011-06-28,40.0,75.0,332.0,1950.0,575.0,,,772.8,64.4
95,114,19201080,620,12.0,,512,,100,2048,96,256,750,5,580,,4.5,,20,,40,32,28--2011,,25601600,5.0,64.0,40,,2011-06-28,40.0,100.0,332.0,1950.0,620.0,,,952.3,79.36
96,116,1600900,775,12.0,,384,,75,1536,60,192,625,5,560,,4.5,,19,,40,24,30--2011,,25601600,5.0,32.0,25,,2011-05-30,40.0,75.0,238.0,1170.0,775.0,,,595.2,49.6
97,108,1366768,672,12.0,,256,,35,1024,28.8,128,900,3,540,,4.5,,3,,40,4,06--2011,,25601600,5.0,16.0,11,,2011-01-05,40.0,35.0,116.0,585.0,672.0,,,258.0,21.5
98,106,1366768,590,12.0,,384,,35,1536,43.2,192,900,3,555,,4.5,,9,,40,16,05--2011,,25601600,5.0,24.0,14,,2012-03-26,40.0,35.0,238.0,1170.0,675.0,,,388.8,32.4
99,106,1366768,590,12.0,,384,,35,1536,43.2,192,900,3,555,,4.5,,9,,40,16,05--2011,,25601600,5.0,24.0,14,,2011-06-15,40.0,35.0,116.0,585.0,753.0,,,289.2,24.1
100,106,1366768,590,12.0,,384,,35,1536,43.2,192,900,3,555,,4.5,,9,,40,16,05--2011,,25601600,5.0,24.0,14,,2011-07-02,40.0,35.0,238.0,1170.0,590.0,,,339.8,28.32
101,106,1366768,590,12.0,,384,,35,1536,43.2,192,900,3,555,,4.5,,9,,40,16,05--2011,,25601600,5.0,24.0,14,,2011-10-27,40.0,35.0,238.0,1170.0,525.0,,,302.4,25.2
102,106,1366768,590,12.0,,384,,35,1536,43.2,192,900,3,555,,4.5,,9,,40,16,05--2011,,25601600,5.0,24.0,14,,2011-03-24,40.0,35.0,238.0,1170.0,590.0,,,339.8,28.32
103,108,1366768,740,12.0,,256,,35,1024,28.8,128,900,3,550,,4.5,,3,,40,4,05--2011,,25601600,5.0,16.0,12,,2011-01-05,40.0,35.0,116.0,585.0,740.0,,,284.2,23.68
104,108,1366768,600,12.0,,256,,23,1024,28.8,128,900,3,525,,4.5,,2,,40,4,05--2011,,25601600,5.0,16.0,10,,2011-01-05,40.0,23.0,116.0,585.0,600.0,,,230.4,19.2
105,119,1024768,740,12.0,,128,,12,1024,12.8,64,800,3,520,,4.5,,3,,40,4,05--2011,,25601600,5.0,8.0,6,,2011-01-05,40.0,12.0,79.0,292.0,740.0,,,142.1,11.84
106,119,1024768,740,12.0,,128,,12,1024,12.8,64,800,3,520,,4.5,,3,,40,4,05--2011,,25601600,5.0,8.0,6,,2011-01-05,40.0,12.0,116.0,585.0,672.0,,,129.0,10.75
107,92-10-,,585,10.0,,0,,75,1024,60.8,256,950,3,280,,3.3,,9,,55,16,01--2009,,25601600,4.0,64.0,37,,2009-03-03,65.0,75.0,324.0,754.0,585.0,,,374.5,
108,92-10-1-1,,600,10.0,,0,,75,1024,64,256,1000,3,285,,3.3,,10,,65,16,01--2010,,25601600,4.0,64.0,38,,2010-02-01,65.0,75.0,324.0,754.0,600.0,,,384.0,
109,119,1024768,900,12.0,,128,,20,1024,14.4,64,900,3,520,,4.5,,4,,40,4,30--2011,,25601600,5.0,8.0,7,,2011-05-30,40.0,20.0,79.0,292.0,900.0,,,172.8,14.4
110,92-10-,,550,10.0,,0,,65,1024,60.8,256,950,3,260,,3.3,,9,,65,16,01--2009,,25601600,4.0,56.0,31,,2009-03-03,65.0,65.0,324.0,754.0,550.0,,,308.0,
111,215-10-,,550,10.1,,0,,38,1024,57.6,128,900,5,260,,3.3,,4,,40,8,01--2009,,25601600,4.0,32.0,18,,2009-06-15,40.0,38.0,144.0,727.0,550.0,,,264.0,
112,215-10--2,,500,10.1,,0,,28,1024,51.2,128,800,5,250,,3.3,,4,,40,8,01--2009,,25601600,4.0,32.0,16,,2009-06-15,40.0,28.0,144.0,727.0,500.0,,,240.0,
113,216-10-,,550,10.1,,0,,23,1024,25.6,128,800,3,240,,3.3,,4,,40,8,01--2009,,25601600,4.0,16.0,9,,2009-06-15,40.0,23.0,100.0,486.0,550.0,,,116.2,
114,216-10--2,1366768,500,10.1,,0,,23,1024,25.6,128,800,3,230,,3.3,,4,,40,8,15--2009,,25601600,4.0,16.0,8,,2009-06-15,40.0,23.0,100.0,486.0,500.0,,,105.6,
115,96,,-,10,,0,,23,1024,25.6,128,800,3,130,,2.1,,,,55,,08--2009,,25601600,4.0,,,,2009-01-08,55.0,23.0,121.0,314.0,600.0,,,96.0,
116,94,,-,10,,0,,45,1024,64,256,1000,3,150,,2.1,,,,55,,02--2009,,25601600,4.0,,,,2009-03-03,65.0,45.0,240.0,505.0,400.0,,,128.0,
117,961,,500,10.0,,0,,14,1024,25.6,128,800,3,220,,3.3,,4,,55,8,16--2009,,25601600,4.0,16.0,8,,2009-06-15,55.0,14.0,121.0,314.0,500.0,,,80.0,
118,96,,-,10,,0,,23,1024,,128,,3,120,,2.1,,,,55,,11--2009,,25601600,4.0,,,,2009-06-15,55.0,14.0,121.0,314.0,500.0,,,80.0,
119,104-12--1,19201080,575,12.0,,512,,100,2048,96,256,750,5,485,,4.5,,18,,40,32,05--2011,,25601600,5.0,64.0,37,,2011-01-05,40.0,100.0,332.0,1950.0,575.0,,,883.2,73.6
120,100-11--3,1600900,425,12.0,,512,,100,2048,76.8,256,600,5,480,,4.5,,14,,40,32,25--2010,,25601600,5.0,44.0,19,,2010-05-25,40.0,100.0,529.0,3100.0,425.0,,,598.4,74.8
121,104-11-,1600900,535,12.0,,384,,75,1536,60,192,625,5,470,,4.5,,13,,40,24,03--2010,,25601600,5.0,48.0,26,,2010-09-03,40.0,75.0,332.0,1950.0,535.0,,,616.3,51.36
122,106-11--1,1366768,590,12.0,,384,,35,3072,38.4,192,800,3,445,,4.5,,9,,40,16,03--2010,,25601600,5.0,24.0,14,,2010-09-03,40.0,35.0,238.0,1170.0,570.0,,,328.3,27.36
123,106-11--1,1366768,590,12.0,,384,,35,3072,38.4,192,800,3,445,,4.5,,9,,40,16,03--2010,,25601600,5.0,24.0,14,,2010-09-03,40.0,35.0,238.0,1170.0,590.0,,,339.8,28.32
124,108-11-,1366768,650,12.0,,256,,35,1024,25.6,128,800,3,435,,4.5,,3,,40,4,03--2010,,25601600,5.0,16.0,10,,2011-01-15,40.0,35.0,238.0,1170.0,590.0,,,226.6,18.88
125,108-11-,1366768,650,12.0,,256,,35,1024,25.6,128,800,3,435,,4.5,,3,,40,4,03--2010,,25601600,5.0,16.0,10,,2010-09-03,40.0,35.0,116.0,585.0,650.0,,,249.6,20.8
126,108-11--1,1366768,560,12.0,,256,,23,1024,25.6,128,800,3,425,,4.5,,2,,40,4,03--2010,,16001200,5.0,16.0,9,,2010-09-03,40.0,23.0,116.0,585.0,560.0,,,215.0,17.92
127,106-11--1,1600900,675,12.0,,384,,50,1536,60,192,625,5,460,,4.5,,16,,40,24,03--2010,,25601600,5.0,32.0,22,,2010-09-03,40.0,50.0,238.0,1170.0,675.0,,,518.4,43.2
128,119-12-,1366768,575,12.0,,128,,12,1024,12.8,64,800,3,410,,4.5,,2,,40,4,05--2011,,25601600,5.0,8.0,5,,2011-01-05,40.0,12.0,79.0,292.0,574.0,,,110.1,9.176
129,108-11--1,1366768,500,12.0,,256,,23,512,25.6,128,800,3,420,,4.5,,2,,40,4,03--2010,,25601600,5.0,16.0,8,,2010-09-03,40.0,23.0,116.0,585.0,500.0,,,192.0,16.0
130,108-11-,1366768,500,12.0,,128,,12,512,25.6,128,800,3,415,,4.5,,2,,40,4,03--2010,,25601600,5.0,8.0,4,,2010-09-03,40.0,12.0,116.0,585.0,500.0,,,96.0,8.0
131,215,1440900,-,10.1,,0,,38,1024,57.6,128,900,5,360,,2.1,,4,,40,8,07--2010,,25601600,4.1,32.0,18,,2010-01-07,40.0,38.0,144.0,727.0,550.0,,,275.7,
132,215,1440900,-,10.1,,0,,28,1024,51.2,128,800,5,350,,2.1,,4,,40,8,07--2010,,25601600,4.1,32.0,16,,2010-01-07,40.0,28.0,144.0,727.0,500.0,,,240.0,
133,215,1366768,-,10.1,,0,,28,1024,34.1,128,1066,3,335,,2.1,,4,,40,8,07--2010,,25601600,4.1,24.0,11,,2010-01-07,40.0,28.0,144.0,727.0,450.0,,,155.5,
134,216,1366768,-,10.1,,0,,23,1024,34.1,128,1066,3,330,,2.1,,5,,40,8,10--2010,,25601600,4.1,16.0,9,,2010-01-10,40.0,23.0,100.0,486.0,575.0,,,121.4,
135,216,1366768,-,10.1,,0,,23,1024,34.1,128,1066,3,325,,2.1,,4,,40,8,10--2010,,25601600,4.1,16.0,7,,2010-01-10,40.0,23.0,100.0,486.0,450.0,,,95.04,
136,89,1024768,450,10.0,,0,,23,,21.3,128,667,3,320,,3.3,,4,,40,8,01--2010,,25601600,4.1,16.0,7,,2010-04-01,40.0,23.0,100.0,486.0,450.0,,,91.2,
137,216,1280720,-,10.1,,0,,14,1024,25.3,128,790,3,320,,2.1,,4,,40,8,21--2010,,25601600,4.1,8.0,4,,2009-06-15,55.0,14.0,121.0,314.0,500.0,,,80.0,
138,216,1280720,-,10.1,,0,,14,1024,25.3,128,790,3,320,,2.1,,4,,40,8,21--2010,,25601600,4.1,8.0,4,,2010-03-03,40.0,23.0,100.0,486.0,500.0,,,52.8,
139,218-11-1,1024768,625,10.1,,0,,14,512,12.6,64,790,3,310,,3.3,,3,,40,4,10--2010,,25601600,4.1,8.0,5,,2010-01-10,40.0,14.0,57.0,260.0,606.0,,,48.96,
140,218-11-1,1024768,625,10.1,,0,,14,512,12.6,64,790,3,310,,3.3,,3,,40,4,10--2010,,25601600,4.1,8.0,5,,2010-01-10,40.0,14.0,57.0,260.0,625.0,,,48.96,
141,218-11-1,1024768,625,10.1,,0,,14,512,12.6,64,790,3,310,,3.3,,3,,40,4,10--2010,,25601600,4.1,8.0,5,,2010-01-10,40.0,14.0,57.0,260.0,625.0,,,48.96,
142,218-11-1,1024768,606,10.1,,0,,14,512,12.6,64,790,3,315,,3.3,,2,,40,4,05--2011,,25601600,4.1,8.0,5,,2011-01-05,40.0,14.0,57.0,260.0,606.0,,,38.78,
143,218-11-1,1024768,525,10.1,,0,,14,512,11.2,64,700,3,305,,3.3,,2,,40,4,10--2010,,25601600,4.1,8.0,4,,2010-01-10,40.0,14.0,57.0,260.0,525.0,,,36.8,
144,104,19201080,719,12.0,,512,,100,1024,160,256,1250,5,675,,4.5,,23,,28,32,01--2013,,40962160,5.0,112.0,81,,2013-04-01,28.0,100.0,294.0,3540.0,719.0,,,1933.0,80.53
145,104-13--2,19201080,720,12.0,,512,,100,4096,115.2,256,900,5,680,,4.5,,23,,28,32,05--2012,,40962160,5.0,112.0,81,,2012-06-04,28.0,100.0,294.0,3540.0,719.0,,,2038.0,84.9
146,104-13--2,19201080,600,12.0,,512,,100,2048,115.2,256,900,5,675,,4.5,,19,,28,32,01--2012,,40962160,5.0,80.0,48,,2012-10-01,28.0,100.0,294.0,3540.0,654.0,,,1256.0,52.32
147,114,19201080,620,12.0,,512,,100,2048,96,256,750,5,675,,4.5,,20,,40,32,22--2012,,25601600,5.0,64.0,40,,2012-03-22,40.0,100.0,332.0,1950.0,620.0,,,952.3,79.36
148,114,1600900,598,12.0,,512,,75,1536,72,192,750,5,670,,4.5,,14,,40,24,22--2012,,25601600,5.0,56.0,33,,2012-03-22,40.0,75.0,332.0,1950.0,598.0,,,803.7,66.98
149,104-13--2,19201080,601,12.0,,384,,75,3072,67.2,192,700,5,670,,4.5,,14,,28,24,01--2012,,40962160,5.0,80.0,48,,2012-10-01,28.0,75.0,294.0,3540.0,601.0,,,1154.0,48.08
150,107-13--2,1600900,835,12.0,,256,,50,2048,64,128,1000,5,660,,4.5,,15,,28,16,22--2012,,40962160,5.0,32.0,30,,2012-03-22,28.0,50.0,118.0,1270.0,835.0,,,729.6,30.4
151,107,1366768,710,12.0,,256,,32,2048,28.8,128,900,3,645,,4.5,,11,,28,16,01--2012,,40962160,5.0,32.0,23,,2012-10-01,28.0,32.0,118.0,1270.0,709.0,,,544.5,22.69
152,107,1366768,500,12.0,,256,,20,1024,28.8,128,900,3,640,,4.5,,8,,28,16,22--2012,,40962160,5.0,32.0,16,,2012-03-22,28.0,20.0,118.0,1270.0,500.0,,,384.0,16.0
153,107,1366768,500,12.0,,256,,20,1024,28.8,128,900,3,640,,4.5,,8,,28,16,22--2012,,40962160,5.0,32.0,16,,2012-05-04,40.0,32.0,116.0,585.0,753.0,,,289.0,24.08
154,107,1366768,850,12.0,,256,,45,1024,28.8,128,900,3,650,,4.5,,14,,28,16,22--2012,,40962160,5.0,32.0,27,,2012-03-22,28.0,45.0,118.0,1270.0,835.0,,,729.6,30.4
155,107,1366768,625,12.0,,256,,32,2048,28.8,128,900,3,640,,4.5,,10,,28,16,22--2012,,40962160,5.0,32.0,20,,2012-03-22,28.0,32.0,118.0,1270.0,625.0,,,480.0,20.0
156,108,1366768,660,12.0,,256,,33,1024,28.8,128,900,3,630,,4.5,,3,,40,4,22--2012,,25601600,5.0,16.0,11,,2012-03-22,40.0,33.0,116.0,585.0,660.0,,,253.4,21.12
157,108,1366768,660,12.0,,256,,33,1024,28.8,128,900,3,630,,4.5,,3,,40,4,22--2012,,25601600,5.0,16.0,11,,2012-03-22,40.0,33.0,116.0,585.0,660.0,,,253.4,21.12
158,108,1366768,660,12.0,,256,,33,1024,28.8,128,900,3,630,,4.5,,3,,40,4,22--2012,,25601600,5.0,16.0,11,,2012-03-22,28.0,33.0,116.0,585.0,800.0,,,307.2,25.6
159,117,1366768,625,12.0,,128,,15,2048,14.4,64,900,3,625,,4.5,,3,,28,4,01--2012,,25601600,5.0,16.0,10,,2012-10-01,28.0,15.0,116.0,585.0,625.0,,,240.0,20.0
160,117,1366768,625,12.0,,128,,15,1024,14.4,64,900,3,620,,4.5,,5,,28,8,22--2012,,25601600,5.0,16.0,10,,2012-08-23,40.0,15.0,116.0,585.0,660.0,,,253.4,21.12
161,117,1366768,625,12.0,,128,,15,1024,14.4,64,900,3,620,,4.5,,5,,28,8,22--2012,,25601600,5.0,16.0,10,,2012-03-22,28.0,15.0,116.0,585.0,625.0,,,240.0,20.0
162,104-14--2,19201080,771,12.0,,512,,122,4096,160,256,1250,5,780,,4.5,,26,,28,32,30--2013,,40962160,5.0,128.0,102,,2013-05-11,28.0,122.0,294.0,3540.0,771.0,,,2448.0,102.0
163,106-14--1,19201080,811,12.0,,384,,75,3072,96.2,192,1002,5,770,,4.5,,19,,28,24,30--2013,,40962160,5.0,80.0,65,,2013-05-30,28.0,75.0,221.0,2540.0,706.0,,,1530.0,63.76
164,116,1366768,675,12.0,,384,,35,2048,28.8,128,900,3,635,,4.5,,11,,40,16,06--2012,,25601600,5.0,24.0,16,,2012-03-22,40.0,35.0,116.0,585.0,660.0,,,253.4,21.12
165,116,1366768,675,12.0,,384,,35,2048,28.8,128,900,3,635,,4.5,,11,,40,16,06--2012,,25601600,5.0,24.0,16,,2012-03-22,40.0,35.0,238.0,1170.0,675.0,,,388.8,32.4
166,116,1366768,675,12.0,,384,,35,2048,28.8,128,900,3,635,,4.5,,11,,40,16,06--2012,,25601600,5.0,24.0,16,,2012-03-22,40.0,33.0,116.0,585.0,660.0,,,253.4,21.12
167,116,1366768,675,12.0,,384,,35,2048,28.8,128,900,3,635,,4.5,,11,,40,16,06--2012,,25601600,5.0,24.0,16,,2012-03-22,40.0,35.0,238.0,1170.0,650.0,,,388.8,32.4
168,104-13--2,19201080,719,12.0,,512,,100,2048,115.2,256,900,5,775,,4.5,,23,,28,32,08--2013,,40962160,5.0,112.0,81,,2013-11-08,28.0,100.0,294.0,3540.0,797.0,,,2142.0,89.26
169,106-14---1,1600900,850,12.0,,256,,65,2048,64.1,128,1002,5,765,,4.5,,14,,28,16,30--2013,,40962160,5.0,64.0,54,,2013-05-30,28.0,75.0,221.0,2540.0,797.0,,,1326.0,55.23
170,106-14--1,1600900,628,12.0,,256,,55,2048,64.1,128,1002,5,760,,4.5,,11,,28,16,30--2013,,40962160,5.0,64.0,42,,2013-05-30,28.0,55.0,221.0,2540.0,628.0,,,1009.0,42.05
171,107-14-,1600900,926,12.0,,256,,50,2048,80.2,128,1253,5,750,,4.5,,15,,28,16,08--2013,,40962160,5.0,32.0,30,,2013-11-08,28.0,50.0,118.0,1270.0,926.0,,,711.2,29.63
172,107-14-,1366768,967,12.0,,256,,50,2048,28.8,128,900,3,750,,4.5,,19,,28,16,09--2013,,40962160,5.0,32.0,37,,2013-01-09,28.0,50.0,118.0,1270.0,941.0,,,742.7,30.94
173,107-14-,1366768,837,12.0,,256,,45,2048,28.8,128,900,3,745,,4.5,,13,,28,16,01--2013,,40962160,5.0,32.0,27,,2013-04-01,28.0,45.0,118.0,1270.0,837.0,,,642.8,26.78
174,107-14-,1366768,837,12.0,,256,,45,2048,28.8,128,900,3,745,,4.5,,13,,28,16,01--2013,,40962160,5.0,32.0,27,,2013-04-01,28.0,45.0,118.0,1270.0,549.0,,,421.6,17.57
175,107--755,1600900,980,12.0,,256,,50,2048,86.4,128,1350,5,755,,4.5,,16,,28,16,25--2013,,40962160,5.0,32.0,31,,2013-06-25,28.0,50.0,118.0,1270.0,980.0,,,752.6,31.36
176,107--740,1366768,810,12.0,,256,,45,2048,28.8,128,900,3,740,,4.5,,13,,28,16,01--2013,,40962160,5.0,32.0,26,,2013-04-01,28.0,45.0,118.0,1270.0,810.0,,,622.1,25.92
177,107--740,1366768,810,12.0,,256,,45,2048,28.8,128,900,3,740,,4.5,,13,,28,16,01--2013,,40962160,5.0,32.0,26,,2013-06-20,28.0,33.0,87.0,1020.0,980.0,,,752.6,31.36
178,107,1366768,725,12.0,,256,,33,2048,28.8,128,900,3,730,,4.5,,12,,28,16,20--2013,,40962160,5.0,32.0,23,,2013-01-20,28.0,33.0,118.0,1270.0,725.0,,,556.8,23.2
179,107,1366768,725,12.0,,256,,33,2048,28.8,128,900,3,730,,4.5,,12,,28,16,20--2013,,40962160,5.0,32.0,23,,2014-03-06,28.0,33.0,87.0,1020.0,719.0,,,552.2,23.01
180,208,1366768,575,12.0,,128,,17,2048,14.4,64,900,3,735,,4.5,,15,,28,16,01--2013,,40962160,5.0,32.0,30,,2013-04-01,28.0,33.0,87.0,1020.0,575.0,,,441.6,18.4
181,117-14-,1366768,775,12.0,,128,,15,1024,14.4,64,900,3,710,,4.5,,6,,28,8,09--2013,,25601600,5.0,16.0,12,,2013-07-24,28.0,15.0,87.0,1020.0,719.0,,,276.1,11.5
182,117-14-,1366768,775,12.0,,128,,15,1024,14.4,64,900,3,710,,4.5,,6,,28,8,09--2013,,25601600,5.0,16.0,12,,2013-01-09,28.0,15.0,116.0,585.0,775.0,,,297.6,24.8
183,117-14-,1366768,625,12.0,,128,,33,1024,14.4,64,900,3,720,,4.5,,8,,28,8,01--2013,,25601600,5.0,16.0,15,,2013-12-25,28.0,33.0,87.0,1020.0,719.0,,,291.1,12.13
184,117-14-,1366768,625,12.0,,128,,33,1024,14.4,64,900,3,720,,4.5,,8,,28,8,01--2013,,25601600,5.0,16.0,15,,2013-04-01,28.0,33.0,116.0,585.0,775.0,,,240.0,20.0
185,119,1366768,738,12.0,,128,,20,1024,14.4,64,900,3,610,,4.5,,6,,40,8,01--2011,,25601600,5.0,8.0,6,,2011-12-01,28.0,12.0,116.0,585.0,625.0,,,120.0,10.0
186,119,1366768,738,12.0,,128,,20,1024,14.4,64,900,3,610,,4.5,,6,,40,8,01--2011,,25601600,5.0,8.0,6,,2011-12-01,40.0,12.0,116.0,585.0,672.0,,,129.0,10.75
187,119,1366768,738,12.0,,128,,20,1024,14.4,64,900,3,610,,4.5,,6,,40,8,01--2011,,25601600,5.0,8.0,6,,2011-12-01,40.0,12.0,79.0,292.0,738.0,,,141.7,11.81
188,70,,-,9,,0,,35,256,35.2,256,550,3,7800,,2.1,,,,,,01--2006,,25601600,3.0,,,,2006-03-03,110.0,35.0,333.0,302.0,400.0,,,,
189,73--1,,-,9,,0,,,512,16,128,500,3,7700,,2.1,,,,,,02--2006,,25601600,3.0,,,,2006-08-01,90.0,,125.0,177.0,450.0,,,,
190,72,,-,9,,0,,,64,11.2,64,700,3,7300,,2.1,,,,,,01--2006,,25601600,3.0,,,,2006-02-01,90.0,,81.0,112.0,350.0,,,,
191,73,,-,9,,0,,,256,19.2,128,600,3,7600,,2.1,,,,,,02--2006,,25601600,3.0,,,,2006-08-01,90.0,,125.0,177.0,500.0,,,,
192,72,,-,9,,0,,,128,7.2,64,450,3,7400,,2.1,,,,,,01--2006,,25601600,3.0,,,,2006-02-01,90.0,,81.0,112.0,450.0,,,,
193,72,,-,9,,0,,,128,7.2,64,450,3,7400,,2.1,,,,,,01--2006,,25601600,3.0,,,,2006-02-01,90.0,,81.0,112.0,450.0,,,,
194,41,,-,9,,0,,,256,17.6,128,550,3,6800,,2.0,,,,,,25--2005,,,3.0,,,,2004-11-08,130.0,45.0,225.0,222.0,300.0,,,,
195,43,,-,9,,0,,,256,9.6,128,300,2,6600,,2.0,,,,,,29--2005,,,3.0,,,,2005-09-29,110.0,,154.0,146.0,300.0,,,,
196,44,,-,9,,0,,,32,2.8,64,350,,6400,,2.0,,,,,,01--2006,,,3.0,,,,2006-02-01,110.0,,110.0,75.0,400.0,,,,
197,44,,-,9,,0,,10,32,2.4,64,300,,6200,,2.0,,,,,,01--2006,,,3.0,,,,2006-02-01,110.0,16.0,110.0,75.0,300.0,,,,
198,73,,-,9,,0,,,256,16,128,500,3,7600,,2.1,,,,,,01--2006,,25601600,3.0,,,,2006-03-01,90.0,,125.0,177.0,450.0,,,,
199,84,,-,10,,0,,29,,25.6,128,800,3,8700,,2.1,,,,80,,01--2007,,25601600,4.0,,,,2007-06-01,80.0,29.0,169.0,289.0,625.0,,,80.0,
200,84,,-,10,,0,,20,256,22.4,128,700,3,8600,,2.1,,,,80,,01--2007,,25601600,4.0,,,,2007-05-01,80.0,20.0,169.0,289.0,475.0,,,60.8,
201,84,,-,10,,0,,20,256,22.4,128,700,3,8600,,2.1,,,,80,,01--2007,,25601600,4.0,,,,2007-12-31,80.0,20.0,169.0,289.0,475.0,,,60.8,
202,86,,-,10,,0,,11,256,9.6,64,600,3,8400,,2.1,,,,80,,01--2007,,25601600,4.0,,,,2007-05-09,80.0,11.0,127.0,210.0,400.0,,,25.6,
203,84,,-,10,,0,,18,512,22.4,128,700,3,8600,,2.1,,,,80,,01--2007,,25601600,4.0,,,,2007-05-01,80.0,20.0,127.0,210.0,450.0,,,28.8,
204,86,,-,10,,0,,10,256,9.6,64,600,3,8400,,2.1,,,,80,,01--2007,,25601600,4.0,,,,2007-05-09,80.0,10.0,127.0,210.0,400.0,,,12.8,
205,86,,-,10,,0,,14,512,19.2,128,600,3,8400,,2.1,,,,80,,01--2007,,25601600,4.0,,,,2007-05-09,80.0,14.0,127.0,210.0,450.0,,,28.8,
206,98,,-,10,,0,,40,512,11.2,64,700,3,420,,3.0,350,,,,,20--2009,,25601600,4.0,,,4.0,2009-01-20,65.0,40.0,86.0,210.0,550.0,,,22.4,
207,200,,-,10,,0,,189,4096,102.4,512,800,3,5800,,3.3,750,,,65,,11--2008,,25601600,4.0,,,1.0,2008-11-11,55.0,189.0,470.0,1400.0,610.0,,,622.1,77.76
208,98,,-,10,,0,,35,512,11.2,64,700,3,450,,3.0,300,,,,,01--2011,,25601600,4.0,,,4.0,2008-11-11,65.0,35.0,86.0,210.0,480.0,,,19.2,
210,110,25601600,902,12.0,,1536,,225,12288,288.4,384,1502,5,6000,,4.5,60042,36,16-18-,28,40,23--2013,,40962160,5.0,240.0,216,0.0,2013-07-23,28.0,225.0,561.0,7080.0,797.0,,,5196.0,1732.0
211,204-200-1,25601440,773,12.1,,1792,,120,8192,192.3,256,1502,5,4000,,4.5,45030,43,16-,28,56,29--2015,,40962160,5.0,104.0,80,0.0,2015-06-29,28.0,120.0,398.0,5200.0,773.0,,,2573.0,80.39
212,6,,-,6.0,,0,,,16,800,64,100,,,,1.2,,,,,,01--2000,,,,,,0.0,2000-03-01,250.0,,90.0,15.0,105.0,,,,
213,110,19201080,902,12.0,,1536,,150,8192,192,384,1000,5,5200,,4.5,50033,43,26-,28,48,22--2014,,40962160,5.0,192.0,173,0.0,2014-07-22,28.0,150.0,561.0,7080.0,667.0,,,3553.0,1184.0
214,104,19201080,706,12.0,,512,,122,4096,172.8,256,1350,5,5000,,4.5,50033,23,16-,28,32,01--2012,,40962160,5.0,128.0,90,0.0,2012-08-17,28.0,122.0,294.0,3540.0,706.0,,,2169.0,90.37
215,107,1366768,667,12.0,,2048,,45,1024,28.8,128,900,3,620,,4.5,35023,11,,28,16,22--2014,,40962160,5.0,32.0,21,0.0,2014-07-22,28.0,45.0,148.0,1870.0,1058.0,,,863.2,26.98
216,104,19201080,706,12.0,,512,,108,4096,172.8,256,1350,5,4200,,4.5,50033,23,16-,28,32,22--2014,,40962160,5.0,112.0,79,0.0,2014-07-22,28.0,108.0,294.0,3540.0,771.0,,,2107.0,87.81
217,107,1600900,667,12.0,,2048,,68,4096,80,128,1250,5,2200,,4.5,45030,11,,28,16,22--2014,,40962160,5.0,40.0,27,0.0,2014-07-22,28.0,68.0,148.0,1870.0,1046.0,,,1439.0,44.96
218,107-301-2,1366768,876,12.0,,256,,41,1024,29,128,905,3,600,,4.5,40029,14,,28,16,01--2013,199.0,40962160,5.0,16.0,14,0.0,2013-03-01,28.0,41.0,118.0,1270.0,876.0,,,336.4,14.02
219,107-301-2,1366768,876,12.0,,256,,41,1024,28.8,128,900,3,420,,4.5,35023,14,,28,16,22--2014,,40962160,5.0,32.0,28,0.0,2014-07-22,28.0,41.0,118.0,1270.0,876.0,,,336.4,14.02
220,10-20,,-,10,,0,,150,1536,76.8,384,800,3,,,3.0,750,,,,,30--2008,,25601600,4.0,,,0.0,2008-11-11,55.0,150.0,470.0,1400.0,602.0,,,462.3,57.79
221,100,19201080,574,12.0,,768,,204,6144,143.4,384,747,5,6000,,4.5,60042,28,16-18-,40,48,10--2010,,25601600,5.0,56.0,32,0.0,2010-12-10,40.0,204.0,529.0,3100.0,574.0,,,1028.0,513.9
222,100-100-,19201080,-,11,,384,,142,2048,89.9,256,702,5,4000,,4.1,50033,15,26-,40,32,02--2010,1199.0,25601600,5.0,32.0,15,0.0,2010-11-02,40.0,142.0,529.0,3100.0,475.0,,,486.4,243.2
223,108,,-,11,,0,,40,1024,25.6,128,800,3,600,,4.3,300,,,40,,01--2010,,25601600,5.0,,,1.0,2010-12-13,40.0,40.0,116.0,585.0,640.0,,,245.8,20.48
224,106-875-1,1600900,625,12.0,,256,,62,1024,41.6,128,650,5,2000,,4.5,45030,10,,40,16,05--2011,599.0,25601600,5.0,32.0,20,1.0,2011-10-05,40.0,62.0,238.0,1170.0,625.0,,,480.0,40.0
225,107,,706,12.0,,256,,38,512,14.3,64,891,3,410,,4.5,,,,28,,07--2012,,40962160,5.0,,,0.0,2012-08-07,28.0,38.0,118.0,1270.0,706.0,,,271.1,11.3
226,216,,-,10.1,,0,,32,512,12.8,64,800,3,400,,4.1,400,,,40,,01--2011,,25601600,4.0,,,1.0,2011-04-05,40.0,32.0,100.0,486.0,450.0,,,108.0,
227,79,1024768,-,10.0,,0,,20,,8.5,64,1066,,,,3.3,,2,,65,4,03--2008,,25601600,4.0,8.0,4,1.0,2008-06-03,65.0,20.0,162.0,282.0,450.0,,,35.2,
228,92-420-1,1366768,738,10.0,,0,,141,512,70.4,256,1100,3,9800,,3.3,45030,12,26-,55,16,16--2009,229.0,25601600,4.0,64.0,47,0.0,2009-01-16,55.0,141.0,260.0,754.0,738.0,,,470.0,
229,922,19201080,-,10,,02,,197,1024,128,256,1000,3,98002,,3.3,58035,19,,65,162,01--2008,,25601600,4.0,64.0,77,0.0,2008-03-18,65.0,197.0,324.0,754.0,600.0,,,384.0,
230,106-875-1,1600900,625,12.0,,256,,62,1024,41.6,128,650,5,2000,,4.5,45030,10,,40,16,24--2010,599.0,25601600,5.0,32.0,20,1.0,2010-12-24,40.0,62.0,238.0,1170.0,625.0,,,480.0,40.0
231,100-850-3,19201080,513,12.0,,512,,152,2560,120,320,750,5,5000,,4.5,50033,21,26-,40,40,23--2011,,25601600,5.0,44.0,23,0.0,2011-02-23,40.0,152.0,529.0,3100.0,513.0,,,722.3,361.2
232,80,16801050,612,10.0,,0,,172,768,103.7,384,1080,3,8800,,3.3,50035,15,,90,24,01--2007,,25601600,4.0,32.0,20,0.0,2007-05-02,90.0,171.0,484.0,681.0,612.0,,,387.1,
233,92-420-2,1366768,675,10.0,,0,,140,512,70.4,256,1100,3,9800,,3.3,45030,11,26-,65,16,28--2008,,25601600,3.0,64.0,43,0.0,2008-03-28,65.0,140.0,324.0,754.0,675.0,,,432.1,
234,92-270-2,1366768,600,10.0,,0,,105,512,57.6,256,900,3,9800,,3.3,40029,10,16-,65,16,21--2008,160.0,25601600,4.0,56.0,34,0.0,2008-07-21,65.0,125.0,324.0,754.0,600.0,,,336.0,
235,92-270-2,1366768,600,10.0,,0,,105,512,57.6,256,900,3,9800,,3.3,40029,10,16-,65,16,21--2008,160.0,25601600,4.0,56.0,34,0.0,2008-07-21,55.0,125.0,260.0,754.0,600.0,,,336.0,
236,96,1024768,-,10,,0,,50,512,25.6,128,800,3,9500,,3.3,35026,4,,55,8,29--2008,,25601600,4.0,16.0,9,0.0,2008-07-29,65.0,50.0,144.0,314.0,600.0,,,96.0,
237,92,1280720,-,10,,0,,84,384,38.4,192,800,3,9600,,2.1,40026,7,,65,12,01--2008,,25601600,4.0,48.0,26,0.0,2008-04-28,65.0,84.0,324.0,754.0,550.0,,,264.0,
238,96,,-,10,,0,,,512,16,128,500,2,9500,,2.1,35020,,,,,01--2008,,25601600,3.0,,,1.0,2008-07-29,65.0,40.0,144.0,314.0,550.0,,,88.0,
239,98,,-,10,,0,,,512,8,64,500,2,9300,,2.1,30018,2,,65,4,01--2008,,25601600,3.0,8.0,5,1.0,2008-06-01,65.0,,86.0,210.0,567.0,,,22.4,
240,7-,,-,10,,0,,12,,,,,,9400,,2.1,,2,,65,4,01--2008,,25601600,4.0,8.0,5,0.0,2007-04-17,65.0,40.0,144.0,314.0,450.0,,,35.2,
241,7-,,-,10,,0,,12,,,,,,9400,,2.1,,2,,65,4,01--2008,,25601600,4.0,8.0,5,0.0,2007-04-17,65.0,40.0,144.0,314.0,450.0,,,35.2,
242,7-,,-,10,,0,,12,,,,,,9400,,2.1,,2,,65,4,01--2008,,25601600,4.0,8.0,5,0.0,2007-04-17,80.0,40.0,127.0,210.0,580.0,,,44.8,
243,,,,10,,0,,,,,,,,9200,,2.1,,,,80,4,02--2008,,25601600,3.0,8.0,,0.0,2007-04-17,80.0,40.0,127.0,210.0,500.0,,,38.4,
244,,,,10,,0,,,,,,,,9200,,2.1,,,,80,4,02--2008,,25601600,3.0,8.0,,0.0,2007-04-17,65.0,40.0,144.0,314.0,450.0,,,35.2,
245,71,,-,9.0,,02,,110,1024,76.8,256,600,3,79502,,2.0,40027,16,,90,162,01--2006,,25601600,3.0,24.0,24,0.0,2006-06-05,90.0,110.0,196.0,278.0,500.0,,,,
246,98,,-,10,,0,,,512,8,64,500,2,9300,,2.1,30018,2,,65,4,01--2008,,25601600,3.0,8.0,4,0.0,2008-06-01,65.0,,86.0,210.0,540.0,,,20.8,
247,96,1024768,-,10,,0,,50,512,12.8,128,400,2,9400,,3.3,30018,2,,65,4,27--2008,,25601600,4.0,8.0,4,1.0,2008-08-01,80.0,50.0,127.0,210.0,459.0,,,29.38,
248,96,1024768,-,10,,0,,50,512,12.8,128,400,2,9400,,3.3,30018,2,,65,4,27--2008,,25601600,4.0,8.0,4,1.0,2008-08-27,55.0,50.0,121.0,314.0,550.0,,,44.8,
249,71,,-,9.0,,0,,65,512,44.8,256,700,3,7950,,2.0,35022,13,,90,24,06--2006,,25601600,3.0,24.0,13,0.0,2006-08-06,90.0,65.0,196.0,278.0,550.0,,,,
250,71,,-,9.0,,0,,84,512,51.2,256,800,3,7900,,2.0,40026,,,,,01--2006,,25601600,3.0,,,0.0,2006-03-09,90.0,84.0,196.0,278.0,650.0,,,,
251,71,,-,9.0,,0,,49,256,42.2,256,660,3,7900,,2.0,35023,,,,,01--2006,,25601600,3.0,,,1.0,2006-05-01,90.0,49.0,196.0,278.0,450.0,,,,
252,71,1024768,-,9.0,,0,,49,256,42.2,256,660,3,7900,,2.0,40026,7,,90,16,01--2006,,25601600,3.0,24.0,11,0.0,2006-03-09,90.0,48.0,196.0,278.0,450.0,,,,
253,70,,-,9.0,,0,,108,512,54.4,256,850,3,7800,,2.0,40026,,,,,01--2005,,25601600,3.0,,,0.0,2005-06-22,110.0,86.0,333.0,302.0,430.0,,,,
254,78,,-,10,,0,,40,,,,,,9100,,2.1,,2,,80,4,02--2007,,25601600,3.0,8.0,4,0.0,2007-04-17,80.0,40.0,127.0,210.0,500.0,,,38.4,
255,71,,-,9.0,,0,,81,512,42.2,256,660,3,7900,,2.0,40026,,,,,01--2006,,25601600,3.0,,,0.0,2006-10-01,90.0,81.0,196.0,278.0,650.0,,,,
256,70,,-,9.0,,0,,65,256,32,256,500,3,7800,,2.0,40026,,,,,01--2005,,25601600,3.0,,,0.0,2005-08-11,110.0,65.0,333.0,302.0,400.0,,,,
257,,,-,9.0,,0,,,128,12.8,128,400,2,7650,,2.0,35026,,,,,22--2006,,25601600,3.0,,,1.0,2006-03-22,90.0,,125.0,177.0,450.0,,,,
258,73,,-,9.0,,0,,27,256,12.8,128,400,2,7600,,2.0,35017,,,,,01--2006,,25601600,3.0,,,1.0,2006-03-22,90.0,27.0,125.0,177.0,400.0,,,,
259,72,,-,9.0,,0,,,256,5.2,64,324,2,7500,,2.0,30016,2,,90,4,22--2006,,25601600,3.0,8.0,4,1.0,2006-03-22,90.0,,81.0,112.0,475.0,,,,
260,72,,-,9.0,,0,,23,256,5.3,64,333,2,7300,,2.0,35018,,,,,01--2006,,25601600,3.0,,,1.0,2006-03-22,90.0,,81.0,112.0,450.0,,,,
261,73,,-,9.0,,0,,24,256,10.4,128,325,2,7300,,2.0,30015,,,,,01--2006,,25601600,3.0,,,1.0,2006-05-15,90.0,24.0,125.0,177.0,350.0,,,,
262,218,,-,10,,0,,12,,,,,,,,3.3,,,,40,,10--2010,,25601600,4.0,,,1.0,2008-06-03,65.0,20.0,144.0,314.0,450.0,,,35.2,
263,218,,-,10,,0,,12,,,,,,,,3.3,,,,40,,10--2010,,25601600,4.0,,,1.0,2008-06-03,65.0,20.0,162.0,282.0,575.0,,,48.0,
264,218,,-,10,,0,,12,,,,,,,,3.3,,,,40,,10--2010,,25601600,4.0,,,1.0,2008-06-03,65.0,20.0,162.0,282.0,450.0,,,35.2,
265,218,,-,10,,0,,12,,,,,,,,3.3,,,,40,,10--2010,,25601600,4.0,,,1.0,2008-06-03,65.0,20.0,162.0,282.0,450.0,,,35.2,
266,218,,-,10,,0,,12,,,,,,,,3.3,,,,40,,10--2010,,25601600,4.0,,,1.0,2008-06-03,40.0,20.0,57.0,260.0,500.0,,,34.24,
267,92-270-2,1366768,600,10.0,,0,,105,512,57.6,256,900,3,8800,,3.3,40029,10,16-,65,16,29--2007,349.0,25601600,4.0,56.0,34,0.0,2007-10-29,65.0,125.0,324.0,754.0,600.0,,,336.0,
268,92,1280720,-,10,,0,,105,384,38.4,192,800,3,8800,,2.1,45030,7,,65,12,01--2008,,25601600,4.0,48.0,26,0.0,2008-01-31,65.0,105.0,324.0,754.0,550.0,,,264.0,
269,84,1024768,540,10.0,,0,,47,256,22.4,128,700,3,8600,,3.3,35024,4,,80,8,01--2007,,25601600,4.0,16.0,9,0.0,2007-04-17,80.0,47.0,169.0,289.0,540.0,,,76.16,
270,86,1024768,450,10.0,,0,,30,256,12.8,128,400,2,8500,,3.3,35022,2,,80,4,01--2007,,25601600,4.0,8.0,4,1.0,2007-04-17,80.0,30.0,127.0,210.0,459.0,,,29.38,
271,84,1024768,-,10,,0,,47,256,12.8,128,400,2,8600,,2.1,35024,4,,80,8,01--2007,,25601600,4.0,8.0,4,1.0,2007-04-17,80.0,47.0,169.0,289.0,540.0,,,38.08,
272,78,800600,-,10,,0,,,,,64,,2,8300,,2.1,,2,,80,4,02--2008,,25601600,4.0,8.0,4,1.0,2007-04-17,80.0,40.0,127.0,210.0,500.0,,,48.0,
273,218,1024768,520,10.1,,0,,25,512,6.4,64,400,2,8400.3,,3.3,,2,,40,4,12--2010,,25601600,4.1,8.0,4,1.0,2010-07-12,40.0,25.0,57.0,260.0,520.0,,,19.68,
274,78,800600,-,10,,0,,,,,,800,2,8200,,2.1,,2,,80,4,02--2008,,19201440,4.0,8.0,4,1.0,2007-04-17,80.0,40.0,127.0,210.0,500.0,,,38.4,
275,86,800600,450,10.0,,0,,18,256,6.4,64,400,2,8400,,3.3,30020,2,,80,4,17--2007,,20481536,4.0,8.0,4,1.0,2007-04-17,80.0,40.0,127.0,210.0,459.0,,,29.38,
276,86,800600,450,10.0,,0,,40,512,12.8,64,800,2,8300,,3.3,30018,2,,80,4,01--2007,,25601600,4.0,8.0,4,1.0,2007-04-17,80.0,40.0,127.0,210.0,459.0,,,14.69,
277,98,1024768,567,10.0,,0,,25,512,6.4,64,400,2,8400.2,,3.3,,5,,65,8,01--2007,,25601600,4.1,8.0,5,1.0,2007-12-04,65.0,25.0,86.0,210.0,567.0,,,22.4,
278,98,,-,10,,0,,23,256,11.2,64,700,3,295,,3.0,300,,,,,07--2009,,25601600,4.0,,,2.0,2009-05-07,65.0,23.0,86.0,210.0,540.0,,,20.8,
279,86,1024768,-,10.0,,0,,21,256,6.4,64,400,2,290,,3.3,,2,,80,4,04--2007,,25601600,4.0,8.0,4,0.0,2007-10-04,80.0,21.0,127.0,210.0,459.0,,,29.38,
280,442,,-,9.0,,0,,18,128,4.4,128,275,,285,,2.1,,1,,110,2,06--2006,,19201200,2.0,4.0,1,0.0,2006-06-06,110.0,18.0,110.0,75.0,275.0,,,,
281,96,,-,10,,0,,40,512,25.6,128,800,3,580,,3.0,450,,,,,09--2009,,25601600,4.0,,,1.0,2009-04-09,55.0,40.0,121.0,314.0,450.0,,,72.0,
282,80,,-,10,,0,,171,1536,76.8,384,800,3,5600,,3.3,750,,,90,,03--2007,,25601600,4.0,,,1.0,2007-03-05,90.0,171.0,484.0,681.0,600.0,,,345.6,
283,71,,-,9.0,,0,,96,1024,36.8,256,575,3,5500,,2.1,350,,,,,20--2006,,25601600,3.0,,,,2006-04-20,90.0,96.0,196.0,278.0,650.0,,,,
284,70,,-,9.0,,0,,109,512,36.8,256,575,3,4500,,2.1,450,,,,,28--2005,,25601600,3.0,,,,2005-07-28,110.0,109.0,333.0,302.0,430.0,,,,
285,218,,-,10.1,,0,,28,512,12.8,64,800,3,380,,3.2,350,,,40,,30--2009,,25601600,4.1,,,1.0,2009-12-01,40.0,28.0,57.0,260.0,550.0,,,44.0,
286,200,,-,10,,0,,108,1024,51.2,256,800,3,3800,,3.1,550,,,,,30--2009,,25601600,4.0,,,1.0,2009-03-30,55.0,108.0,470.0,1400.0,600.0,,,462.3,57.79
287,96,,-,10,,0,,34,256,22.4,128,700,3,380,,3.0,450,,,,,31--2009,,25601600,4.0,,,2.0,2009-03-30,65.0,34.0,144.0,314.0,450.0,,,35.2,
288,92,,-,10,,0,,78,512,51.2,256,800,3,3700,,3.3,450,,,65,,08--2008,,25601600,4.0,,,,2008-01-08,65.0,78.0,324.0,754.0,500.0,,,280.0,
289,73,800600,-,9.0,,0,,30,128,19.2,128,600,3,560,,2.1,,,,,,20--2006,,,3.0,,,0.0,2006-04-20,90.0,30.0,125.0,177.0,350.0,,,,
290,71,,-,9.0,,0,,80,256,42.2,256,660,3,3500,,2.0,450,,,,,20--2006,,25601600,3.0,,,,2006-05-22,90.0,80.0,196.0,278.0,450.0,,,,
291,80,,-,10,,0,,134,768,67.2,384,700,3,4600,,3.3,750,,,90,,05--2007,,25601600,4.0,,,1.0,2007-03-05,90.0,134.0,484.0,681.0,500.0,,,230.4,
292,45,,-,9.0,,0,,101,256,28.8,256,450,3,3400,,2.0,350,,,,,28--2004,,25601600,3.0,,,,2004-06-28,130.0,101.0,287.0,222.0,350.0,,,,
293,41,,-,9.0,,0,,83,256,64,256,1000,3,3450,,2.1,,,,,,01--2005,,,3.0,,,0.0,2005-07-28,130.0,83.0,225.0,222.0,425.0,,,,
294,84,,-,10,,0,,42,512,12.8,128,400,2,1700,,2.1,450,,,80,,12--2007,,25601600,4.0,,,,2007-09-12,80.0,42.0,169.0,289.0,460.0,,,58.88,
295,84,,-,10,,0,,38,256,12.8,128,400,2,570,,3.3,,,,80,,12--2007,,25601600,4.0,,,0.0,2007-09-12,80.0,38.0,169.0,289.0,460.0,,,29.44,
296,41,,-,9.0,,0,,70,128,9.6,256,300,,1400,,2.0,300,,,,,09--2004,,25601600,3.0,,,,2004-08-09,130.0,55.0,225.0,222.0,350.0,,,,
297,94,,-,10,,0,,59,768,38.4,192,800,3,1800,,3.0,450,,,,,19--2011,,25601600,4.0,,,1.0,2009-03-30,65.0,59.0,240.0,505.0,550.0,,,176.0,
298,35,,-,9.0,,0,,,256,13.6,256,425,,3000,,2.0,350,,,,,22--2003,,25601600,3.0,,,,2003-07-22,130.0,,207.0,135.0,400.0,,,,
299,38,,-,9.0,,0,,55,128,8.8,256,275,,1300,,2.0,350,,,,,28--2004,,25601600,3.0,,,,2004-08-09,130.0,55.0,207.0,135.0,350.0,,,,
300,30,,-,9.0,,0,,,128,9.6,128,300,2,1000,,2.0,300,,,,,21--2003,,25601600,3.0,,,,2003-01-21,130.0,,199.0,125.0,300.0,,,,
301,30,,-,9.0,,0,,,128,5.2,128,325,,1100,,2.0,350,,,,,03--2003,,25601600,3.0,,,,2004-04-01,130.0,,133.0,82.0,425.0,,,,
302,71,,-,9.0,,0,,65,256,40,256,625,3,1500,,2.0,350,,,,,20--2006,,25601600,3.0,,,,2006-04-20,90.0,65.0,196.0,278.0,325.0,,,,
303,200,,-,10,,0,,150,1536,76.8,384,800,3,4800,,3.1,750,,,65,,08--2011,,25601600,4.0,,,,2008-11-11,55.0,150.0,470.0,1400.0,602.0,,,462.3,57.79
304,4041,,-,9.0,,0,,,256,11.2,256,350,,6800,,1.5,,,,,,02--2005,,25601600,3.0,,,0.0,2005-09-30,130.0,,225.0,222.0,425.0,,,,
305,4041,,-,9.0,,0,,,256,11.2,256,350,,6800,,1.5,,,,,,02--2005,,25601600,3.0,,,0.0,2005-09-30,110.0,,287.0,222.0,300.0,,,,
306,4041,,-,9.0,,0,,,256,11.2,256,350,,6800,,1.5,,,,,,02--2005,,25601600,3.0,,,0.0,2005-09-30,130.0,,287.0,222.0,300.0,,,,
307,4041,,-,9.0,,0,,,256,11.2,256,350,,6800,,1.5,,,,,,02--2005,,25601600,3.0,,,0.0,2005-09-30,110.0,,222.0,198.0,450.0,,,,
308,4045,,-,9.0,,0,,124,256,35.2,256,550,3,6800,,1.5,,,,,,01--2005,,25601600,3.0,,,0.0,2004-07-26,130.0,81.0,287.0,222.0,425.0,,,,
309,4045,,-,9.0,,0,,124,256,35.2,256,550,3,6800,,1.5,,,,,,01--2005,,25601600,3.0,,,0.0,2004-04-14,130.0,,287.0,222.0,425.0,,,,
310,38,1024768,-,9.0,,0,,74,256,15.2,256,475,,5950,,1.5,,2,,130,4,23--2003,,20481536,2.0,4.0,2,1.0,2003-10-23,130.0,74.0,207.0,135.0,475.0,,,,
311,28,,-,8.1,,0,,,128,5.1,128,320,,44800,,1.3,,,,,,20--2003,,,1.3,,,0.0,2003-03-15,150.0,,101.0,36.0,300.0,,,,
312,28,,-,8.1,,0,,,128,5.1,128,320,,44800,,1.3,,,,,,20--2003,,,1.3,,,0.0,2003-03-15,150.0,,101.0,36.0,300.0,,,,
313,28,,-,8.1,,0,,,128,4.4,128,275,,44800,,1.3,,1,,150,4,20--2003,,,1.3,8.0,2,0.0,2003-02-16,150.0,,101.0,36.0,275.0,,,,
314,104-355-2,25601440,915,12.0,,5122,,300,4096,384,256,1500,5,690,,4.5,65038,65,28-,28,322,03--2012,999.99,40962160,5.0,128.0,261,0.0,2012-05-03,28.0,300.0,294.0,3540.0,915.0,,,3130.0,130.4
315,102,38402160,1480,12.1,,3072,,220,11264,484.4,352,1376,5,1080,,4.5,60042,139,16-18-,16,88,05--2017,699.0,76804320,5.0,224.0,354,0.0,2017-03-10,16.0,250.0,471.0,11800.0,1481.0,,,11340.0,354.4
316,104-400-1,25601600,1607,12.1,,2048,,180,8192,320.3,256,1251,5,1080,,4.5,50033,111,18-,16,64,27--2016,699.99,76804320,5.0,160.0,277,0.0,2016-05-27,16.0,180.0,314.0,7200.0,1607.0,,,8873.0,277.3
317,104-200-1,25601600,1506,12.1,,2048,,150,8192,256.3,256,2002,5,1070,,4.5,50033,108,18-,16,64,10--2016,379.0,76804320,5.0,120.0,202,0.0,2016-06-10,16.0,150.0,314.0,7200.0,1506.0,,,6463.0,202.0
318,107,1600900,1354,12.1,,1024,,75,2048,112.1,128,1752,5,1050,,4.5,30027,47,,14,32,01--2016,150.0,76804320,5.0,40.0,58,0.0,2016-10-25,14.0,75.0,132.0,3300.0,1354.0,,,1862.0,58.2
319,,19201080,-,12,,0,,30,2048,32,64,1000,5,1030,,,300,24,,16,16,17--2017,,38402160,5.0,32.0,48,0.0,2017-05-17,14.0,30.0,74.0,1800.0,1228.0,,,1127.0,35.23
320,104-400-2,19201080,1006,12.0,,512,,195,2048,192.3,256,1502,5,680,,4.5,55040,34,26-,28,32,22--2012,499.0,40962160,5.0,128.0,135,0.0,2012-03-22,28.0,195.0,294.0,3540.0,1006.0,,,3250.0,135.4
321,104-325-2,19201080,915,12.0,,512,,170,2048,192.3,256,1502,5,670,,4.5,50037,31,26-,28,32,10--2012,399.0,40962160,5.0,112.0,110,0.0,2012-05-10,28.0,170.0,294.0,3540.0,915.0,,,2634.0,109.8
322,104-300--2,19201080,915,12.0,,384,,150,2048,144.2,192,1502,5,660,,4.5,45033,24,26-,28,24,16--2012,299.0,40962160,5.0,112.0,110,0.0,2012-08-16,28.0,150.0,294.0,3540.0,915.0,,,2634.0,109.8
323,106-400-1,19201080,980,12.0,,384,,140,2048,144.2,192,1502,5,660,,4.5,45033,25,16-,28,24,13--2012,229.0,40962160,5.0,80.0,83,0.0,2012-09-06,28.0,140.0,221.0,2540.0,980.0,,,1981.0,82.56
324,106-220-1,1600900,928,12.0,,256,,110,1024,86.4,128,1350,5,650,,4.5,40029,15,16-,28,16,09--2012,149.0,40962160,5.0,64.0,59,0.0,2012-10-09,28.0,110.0,221.0,2540.0,928.0,,,1425.0,59.39
325,107-300-2,1366768,902,12.0,,256,,65,2048,28.5,128,891,3,640,,4.5,35026,14,,28,16,05--2012,99.0,40962160,5.0,32.0,29,1.0,2012-06-05,28.0,65.0,118.0,1270.0,902.0,,,692.7,28.86
326,108-400-1,1366768,810,12.0,,256,,65,1024,28.8,128,900,3,630,,4.5,30022,3,,40,4,15--2012,69.0,40962160,5.0,16.0,13,1.0,2012-05-15,40.0,65.0,116.0,585.0,810.0,,,311.0,25.92
327,108-100--1,1366768,700,12.0,,128,,49,1024,14.4,64,900,3,620,,4.5,30022,3,,40,4,15--2012,,25601600,5.0,16.0,11,1.0,2012-05-15,40.0,49.0,116.0,585.0,700.0,,,268.8,22.4
328,119-300-1,1366768,810,12.0,,128,,29,1024,14.4,64,900,3,610,,4.5,30022,3,,40,4,02--2012,,25601600,5.0,8.0,6,1.0,2012-04-02,40.0,29.0,79.0,292.0,810.0,,,155.5,12.96
329,200-400-32,19201080,576,10.0,,02,,289,1792,223.8,448,999,3,295,,3.3,68050,32,16-18-,55,282,08--2009,500.0,25601600,4.0,80.0,92,0.0,2009-01-08,,289.0,470.0,1400.0,576.0,,,596.2,74.52
330,200-350-3,19201080,648,10.0,,0,,204,1024,159,512,1242,3,285,,3.3,55040,21,26-,55,32,23--2008,359.0,25601600,4.0,80.0,52,0.0,2008-12-23,55.0,204.0,470.0,1400.0,648.0,,,708.5,88.56
331,200-105-3,1600900,633,10.0,,0,,219,896,127,448,1134,3,275,,3.3,55040,18,26-,55,28,15--2009,249.0,25601600,4.0,80.0,51,0.0,2009-01-15,55.0,219.0,470.0,1400.0,633.0,,,673.9,84.24
332,200-302-2,1600900,602,10.0,,0,,236,1024,141.7,512,1107,3,280,,3.3,55040,19,26-,65,32,16--2009,649.0,25601600,4.0,80.0,48,0.0,2008-06-16,65.0,236.0,576.0,1400.0,602.0,,,622.1,77.76
333,200-100-2,1600900,576,10.0,,0,,182,896,111.9,448,999,3,260,,3.3,50037,16,26-,65,28,16--2008,449.0,25601600,4.0,64.0,37,0.0,2008-06-16,65.0,182.0,576.0,1400.0,576.0,,,476.9,59.62
334,92-428-1,1600900,738,10.0,,0,,150,1024,70.4,256,1100,3,250,,3.3,45032,12,26-,55,16,04--2009,199.0,25601600,4.0,64.0,47,0.0,2009-03-04,55.0,150.0,260.0,754.0,675.0,,,414.7,
335,92-428-1,1600900,738,10.0,,0,,150,1024,70.4,256,1100,3,250,,3.3,45032,12,26-,55,16,04--2009,199.0,25601600,4.0,64.0,47,0.0,2009-03-04,55.0,150.0,260.0,754.0,702.0,,,387.1,
336,94,1366768,600,10.0,,0,,58,1024,44.8,256,700,3,220,,3.3,30022,10,,65,16,26--2010,,25601600,4.0,24.0,14,1.0,2010-01-26,65.0,58.0,240.0,505.0,600.0,,,144.0,
337,94,1366768,600,10.0,,0,,58,1024,44.8,256,700,3,220,,3.3,30022,10,,65,16,26--2010,,25601600,4.0,24.0,14,1.0,2009-10-12,,58.0,100.0,486.0,615.0,,,127.7,
338,94-300-1,1366768,650,10.0,,0,,75,512,57.6,256,900,3,230,,3.3,30022,10,,55,16,12--2009,,25601600,4.0,24.0,16,1.0,2009-10-12,55.0,75.0,196.0,505.0,650.0,,,156.0,
339,218-300-1,1024768,589,10.1,,0,,31,512,4,64,500,2,210,,3.3,30022,2,,40,4,01--2009,,25601600,4.0,8.0,5,1.0,2009-10-12,40.0,31.0,57.0,260.0,520.0,,,39.36,
340,215-450-2,1366768,550,10.1,,0,,69,1024,54.4,128,850,5,240,,3.3,30022,4,,40,8,01--2009,80.0,25601600,4.0,32.0,18,1.0,2009-11-17,40.0,69.0,144.0,727.0,550.0,,,257.3,
341,100-375-3,19201080,700,12.0,,768,,250,1536,177.4,384,924,5,480,,4.5,60042,34,16-18-,40,48,01--2010,499.0,25601600,5.0,60.0,42,0.0,2010-03-26,40.0,250.0,529.0,3100.0,701.0,,,1345.0,168.1
342,100-275-3,19201080,607,12.0,,640,,215,1280,133.9,320,837,5,470,,4.5,55038,24,16-18-,40,40,01--2010,349.0,25601600,5.0,56.0,34,0.0,2010-03-26,40.0,215.0,529.0,3100.0,608.0,,,1089.0,136.1
343,104-300--1,19201080,778,12.0,,512,,160,1024,128.3,256,1002,5,4602,,4.5,45026,25,26-,40,32,24--2011,229.0,25601600,5.0,56.0,44,0.0,2011-09-24,40.0,160.0,332.0,1950.0,779.0,,,1046.0,87.19
344,100-030-3,19201080,607,12.0,,512,,200,1024,102.7,256,802,5,465,,4.5,55030,19,16-18-,40,32,01--2010,279.0,25601600,5.0,44.0,27,0.0,2010-05-31,40.0,200.0,529.0,3100.0,608.0,,,855.4,106.9
345,104-300--1,19201080,650,12.0,,512,,150,1024,108.8,256,850,5,460,,4.5,45024,21,26-,40,32,01--2010,160.0,25601600,5.0,56.0,36,0.0,2010-11-15,40.0,150.0,332.0,1950.0,650.0,,,748.8,62.4
346,106-250--1,1600900,783,12.0,,256,,106,1024,57.7,128,902,5,450,,4.5,40029,13,16-,40,16,03--2010,129.0,25601600,5.0,32.0,25,0.0,2010-09-13,40.0,106.0,238.0,1170.0,783.0,,,601.3,50.11
347,104-300--1,1600900,675,12.0,,512,,160,1024,115.2,256,900,5,460,,4.5,45026,22,26-,40,32,12--2010,229.0,25601600,5.0,56.0,38,0.0,2010-07-12,40.0,160.0,332.0,1950.0,675.0,,,907.2,75.6
348,104-300--1,1600900,675,12.0,,512,,160,1024,115.2,256,900,5,460,,4.5,45026,22,26-,40,32,12--2010,229.0,25601600,5.0,56.0,38,0.0,2010-07-12,40.0,160.0,332.0,1950.0,675.0,,,907.2,75.6
349,108-400-1,1600900,810,12.0,,256,,65,512,51.2,128,800,5,440,,4.5,30020,3,,40,4,01--2011,79.0,25601600,5.0,16.0,13,1.0,2011-02-01,40.0,65.0,116.0,585.0,810.0,,,311.0,25.92
350,108-300-1,1366768,700,12.0,,256,,49,1024,28.8,128,900,3,430,,4.5,30022,3,,40,4,11--2010,79.0,25601600,5.0,16.0,11,1.0,2010-10-11,40.0,49.0,116.0,585.0,700.0,,,268.8,22.4
351,110-351-1,25601600,607,12.0,,7682,,365,3072,327.9,384,854,5,590,,4.5,70046,58,28-,40,482,24--2011,,25601600,5.0,64.0,78,0.0,2011-03-24,40.0,365.0,520.0,3000.0,608.0,,,1244.0,155.5
352,110-375-1,19201080,772,12.0,,768,,244,1536,192.4,384,1002,5,580,,4.5,60042,37,16-18-,40,48,09--2010,499.0,25601600,5.0,64.0,49,0.0,2010-11-09,40.0,244.0,520.0,3000.0,772.0,,,1581.0,197.6
353,110-275-1,19201080,732,12.0,,640,,219,1280,152,320,950,5,570,,4.5,55035,29,,40,40,07--2010,349.0,25601600,5.0,60.0,44,0.0,2010-12-07,40.0,219.0,520.0,3000.0,732.0,,,1405.0,175.7
354,114-400-1,1600900,822,12.0,,512,,170,1024,128.3,256,1002,5,560,,4.5,50031,26,26-,40,32,25--2011,249.0,25601600,5.0,64.0,53,0.0,2011-01-25,40.0,170.0,332.0,1950.0,823.0,,,1263.0,105.3
355,114-325-1,1600900,810,12.0,,512,,150,1024,128.1,256,1001,5,560,,4.5,45030,26,26-,40,32,17--2011,199.0,25601600,5.0,56.0,45,0.0,2011-05-17,40.0,150.0,332.0,1950.0,810.0,,,1089.0,90.72
356,116-400-1,1600900,900,12.0,,384,,116,1024,98.4,192,1025,5,550,,4.5,40028,22,16-,40,24,15--2011,149.0,25601600,5.0,32.0,29,0.0,2011-03-15,40.0,116.0,238.0,1170.0,900.0,,,691.2,57.6
357,119-300-1,1366768,810,12.0,,128,,29,1024,14.4,64,900,3,520,,4.5,30022,3,,40,4,13--2011,59.0,25601600,5.0,8.0,6,1.0,2011-04-13,40.0,29.0,79.0,292.0,810.0,,,155.5,12.96
358,110-425-1,25601440,875,12.0,,1536,,250,3072,336,384,1750,5,780,,4.5,60042,45,16-18-,28,48,07--2013,699.0,40962160,5.0,240.0,223,0.0,2013-11-07,28.0,250.0,561.0,7080.0,875.0,,,5345.0,222.7
359,110-300-1,25601440,863,12.0,,1536,,250,3072,288.4,384,1502,5,780,,4.5,60042,43,16-18-,28,48,23--2013,649.0,40962160,5.0,192.0,173,0.0,2013-05-23,28.0,250.0,561.0,7080.0,863.0,,,4156.0,173.2
360,104-425-2,19201080,1046,12.0,,512,,230,2048,224.3,256,1752,5,770,,4.5,55037,35,16-18-,28,32,30--2013,399.0,40962160,5.0,128.0,139,0.0,2013-05-30,28.0,230.0,294.0,3540.0,1046.0,,,3333.0,138.9
361,104-225-2,19201080,980,12.0,,512,,170,2048,192.3,256,1502,5,760,,4.5,50037,33,26-,28,32,25--2013,249.0,40962160,5.0,96.0,99,0.0,2013-06-25,28.0,170.0,294.0,3540.0,980.0,,,2378.0,99.07
362,107-400-2,1600900,1020,12.0,,2048,,60,2048,86.4,128,1350,5,750,,4.5,30018,17,,28,16,18--2014,149.0,40962160,5.0,40.0,43,0.0,2014-02-18,28.0,60.0,148.0,1870.0,1020.0,,,1389.0,43.4
363,107-300-2,1600900,1020,12.0,,2048,,55,1024,80,128,1250,5,750,,4.5,30018,17,,28,16,18--2014,119.0,40962160,5.0,32.0,35,0.0,2014-02-18,28.0,55.0,148.0,1870.0,1020.0,,,1111.0,34.72
364,107-425-2,1366768,993,12.0,,256,,64,2048,28.8,128,900,3,740,,4.5,40029,16,,28,16,29--2014,79.0,40962160,5.0,32.0,32,0.0,2014-05-29,28.0,64.0,118.0,1270.0,993.0,,,762.6,31.78
365,208,1366768,902,12.0,,128,,23,2048,14.4,64,900,3,730,,4.5,30022,7,,28,8,18--2014,89.0,40962160,5.0,16.0,14,1.0,2014-06-18,28.0,38.0,87.0,1020.0,902.0,,,692.7,28.86
366,208,1366768,902,12.0,,128,,23,2048,14.4,64,900,3,730,,4.5,30022,7,,28,8,18--2014,89.0,40962160,5.0,16.0,14,1.0,2014-06-18,40.0,49.0,116.0,585.0,700.0,,,268.8,22.4
367,208,1366768,902,12.0,,128,,23,2048,14.4,64,900,3,730,,4.5,30022,7,,28,8,18--2014,89.0,40962160,5.0,16.0,14,1.0,2014-06-18,40.0,49.0,116.0,585.0,700.0,,,268.8,22.4
368,16,,-,7.0,,0,,,64,3.7,128,230,,2,,1.2,,,,,,14--2000,,,,,,0.0,2000-08-14,150.0,,88.0,25.0,250.0,,,,
369,119-300-1,1366768,810,12.0,,128,,30,1024,14.4,64,898,3,710,,4.5,30022,3,,40,4,22--2014,,40962160,5.0,8.0,6,1.0,2016-01-26,40.0,29.0,79.0,292.0,810.0,,,155.5,12.96
370,119-300-1,1366768,810,12.0,,128,,30,1024,14.4,64,898,3,710,,4.5,30022,3,,40,4,22--2014,,40962160,5.0,8.0,6,1.0,2014-03-27,28.0,19.0,87.0,1020.0,954.0,,,366.3,15.26
371,119-300-1,1366768,810,12.0,,128,,30,1024,14.4,64,898,3,710,,4.5,30022,3,,40,4,22--2014,,40962160,5.0,8.0,6,1.0,2014-03-27,28.0,19.0,87.0,1020.0,954.0,,,366.3,15.26
372,208,1366768,797,12.0,,128,,19,1024,14.4,64,900,3,720,,4.5,30022,6,,28,8,27--2014,49.0,40962160,5.0,16.0,13,1.0,2014-09-29,28.0,19.0,87.0,1020.0,797.0,,,306.0,12.75
373,208,1366768,797,12.0,,128,,19,1024,14.4,64,900,3,720,,4.5,30022,6,,28,8,27--2014,49.0,40962160,5.0,16.0,13,1.0,2014-03-27,28.0,19.0,87.0,1020.0,967.0,,,742.7,30.94
374,15,,-,7.0,,0,,,64,3.2,128,200,,2,,1.2,,,,,,01--2001,,,,,,0.0,2001-10-01,150.0,,88.0,25.0,250.0,,,,
375,15,,-,7.0,,0,,,32,2.7,128,166,,2,,1.2,,,,,,26--2000,,,,,,0.0,2000-04-26,150.0,,88.0,25.0,200.0,,,,
376,36,,-,9.0,,0,,,256,14.4,128,450,2,5700,,1.5,,,,,,23--2003,,20481536,2.0,,,1.0,2003-10-23,130.0,46.0,133.0,82.0,475.0,,,,
377,35,,-,9.0,,0,,59,256,13.6,256,425,,5900,,1.5,,2,,130,4,12--2003,,20481536,2.0,4.0,2,1.0,2003-10-23,130.0,59.0,207.0,135.0,450.0,,,,
378,36,,-,9.0,,0,,,256,3.2,128,200,,5700,,1.5,,,,,,02--2003,,20481536,2.0,,,1.0,2004-09-01,130.0,,133.0,82.0,250.0,,,,
379,36,,-,9.0,,0,,,256,4,128,250,,5700,,1.5,,,,,,01--2003,,20481536,2.0,,,1.0,2003-10-23,130.0,25.0,133.0,82.0,425.0,,,,
380,31,,-,9.0,,0,,,128,3.2,128,200,,5600,,1.5,,,,,,01--2003,,20481536,2.0,,,1.0,2003-03-17,130.0,,121.0,80.0,235.0,,,,
381,34,,-,9.0,,0,,,256,3.2,128,200,,5500,,1.5,,,,,,01--2004,,20481536,2.0,,,1.0,2004-03-17,150.0,,91.0,45.0,270.0,,,,
382,36,,-,9.0,,0,,,128,3.2,128,200,,5700,,1.5,,,,,,01--2004,,20481536,2.0,,,1.0,2004-03-01,130.0,,133.0,82.0,250.0,,,,
383,31,,-,9.0,,0,,,128,5.6,128,350,,5600,,1.5,,,,,,06--2003,,20481536,2.0,,,1.0,2003-03-17,130.0,,121.0,80.0,400.0,,,,
384,34,,-,9.0,,0,,,128,3.2,128,200,,5200,,1.5,,,,,,01--2003,,20481536,2.0,,,1.0,2003-03-06,150.0,,124.0,45.0,250.0,,,,
385,34,,-,9.0,,0,,,128,3.2,128,200,,5200,,1.5,,,,,,01--2003,,20481536,2.0,,,1.0,2003-03-06,150.0,,65.0,29.0,250.0,,,,
386,25,,-,8.1,,0,,,128,4.4,128,275,,44400,,1.3,,,,,,06--2002,,,1.3,,,0.0,2002-02-06,150.0,,142.0,63.0,275.0,,,,
387,17,,-,7.0,,0,,,128,4.4,128,275,,4460,,1.2,,,,,,06--2002,,,,,,0.0,2002-02-06,150.0,,65.0,29.0,300.0,,,,
388,17,,-,7,,0,,,64,1.3,64,166,,4420,,1.2,,,,,,06--2002,,,,,,0.0,2002-02-06,150.0,,65.0,29.0,250.0,,,,
389,25,,-,8.1,,0,,,128,1.8,64,222,,44200,,1.3,,,,,,16--2002,,,1.3,,,0.0,2002-02-06,150.0,,142.0,63.0,250.0,,,,
390,25,,-,8.1,,0,,,128,1.8,64,222,,44200,,1.3,,,,,,16--2002,,,1.3,,,0.0,2002-02-06,150.0,,142.0,63.0,250.0,,,,
391,4042,,-,9.0,,0,,55,256,32,256,500,3,6800,,1.5,,,,,,01--2005,,25601600,3.0,,,1.0,2005-11-07,130.0,,225.0,222.0,425.0,,,,
392,4042,,-,9.0,,0,,55,256,32,256,500,3,6800,,1.5,,,,,,01--2005,,25601600,3.0,,,1.0,2005-12-08,130.0,,287.0,222.0,350.0,,,,
393,43,,-,9.0,,0,,,256,3.2,128,200,,6600,,1.5,,,,,,30--2004,,25601600,3.0,,,1.0,2005-01-01,110.0,,154.0,146.0,300.0,,,,
394,45,,-,9.0,,0,,67,256,32,256,500,3,6800,,1.5,,6,,130,16,08--2004,,25601600,3.0,16.0,6,1.0,2004-06-08,130.0,67.0,287.0,222.0,350.0,,,,
395,45,,-,9.0,,0,,67,256,32,256,500,3,6800,,1.5,,6,,130,16,08--2004,,25601600,3.0,16.0,6,1.0,2004-04-14,110.0,,287.0,222.0,350.0,,,,
396,45,,-,9.0,,0,,67,256,32,256,500,3,6800,,1.5,,6,,130,16,08--2004,,25601600,3.0,16.0,6,1.0,2004-04-14,130.0,,287.0,222.0,350.0,,,,
397,43,,-,9.0,,0,,48,128,15.2,128,475,3,6600,,1.5,,,,,,01--2004,,25601600,3.0,,,1.0,2004-08-12,110.0,,154.0,146.0,500.0,,,,
398,44,,-,9.0,,0,,,256,5.3,128,333,,6500,,1.5,,,,,,02--2005,,25601600,3.0,,,1.0,2005-10-01,110.0,,110.0,75.0,400.0,,,,
399,44,,-,9.0,,0,,,256,2.1,64,266,,6200,,1.5,,,,,,02--2005,,20481536,3.0,,,1.0,2005-04-04,110.0,,110.0,75.0,350.0,,,,
400,44,,-,9.0,,0,,,256,2.1,64,266,,6200,,1.5,,,,,,02--2005,,20481536,3.0,,,1.0,2005-04-04,110.0,,110.0,75.0,350.0,,,,
401,43,,-,9.0,,0,,28,256,4.4,128,275,,6600,,1.5,,,,,,02--2004,,25601600,3.0,,,1.0,2004-08-12,110.0,,154.0,146.0,300.0,,,,
402,44,,-,9.0,,0,,,128,2.8,64,350,,6200,,1.5,,,,,,02--2005,,25601600,3.0,,,1.0,2004-12-15,110.0,,110.0,75.0,350.0,,,,
403,51,,-,9.0,,0,,,,,128,,,6150,,2.1,,0,,90,1,11--2004,,25601600,3.0,1.0,0,1.0,2004-10-11,90.0,,,,425.0,,,,
404,51,,-,9.0,,0,,,,,128,,2,6100,,1.5,,,,,,01--2005,,25601600,3.0,,,1.0,2004-10-11,90.0,,,,425.0,,,,
405,43,,-,9.0,,0,,,256,8.8,128,275,2,6200,,1.5,,,,,,02--2004,,25601600,3.0,,,1.0,2004-10-11,110.0,,154.0,146.0,300.0,,,,
406,,19201080,-,11.2,,0,,150,2048,160,256,1250,5,300,,4.3,50020,25,,28,32,18--2014,,40962160,5.0,80.0,62,0.0,2014-01-18,28.0,150.0,212.0,2800.0,850.0,,,2176.0,136.0
407,2.0,25601600,-,11.2,,1024,,290,16384,320,512,1250,5,9100,,4.4,75042,60,,28,64,26--2014,,40962160,5.0,176.0,164,0.0,2014-03-26,28.0,275.0,438.0,6200.0,930.0,,,5238.0,2619.0
408,,,-,11.1,,0,,225,4096,176,256,1375,5,8000,,4.2,,,,,,14--2012,,40962160,5.0,,,0.0,2012-06-14,28.0,225.0,352.0,4313.0,900.0,,,3226.0,806.4
409,,,-,11.1,,0,,75,2048,102.4,256,800,5,5000,,4.2,,,,,,01--2012,,40962160,5.0,,,0.0,2012-08-07,28.0,75.0,212.0,2800.0,825.0,,,1267.0,79.2
410,,19201080,-,11.1,,0,,274,6144,264,384,1375,5,9000,,4.2,60042,31,,28,32,01--2012,,40962160,5.0,128.0,125,0.0,2012-06-14,28.0,274.0,352.0,4313.0,975.0,,,3994.0,998.4
411,,,-,11.1,,0,,150,4096,153.6,256,1200,5,7000,,4.2,,30,,28,32,13--2012,,40962160,5.0,80.0,76,0.0,2012-06-13,28.0,150.0,212.0,2800.0,950.0,,,2432.0,152.0
412,,,-,11,,0,,150,2048,160,256,1250,5,7900,,4.1,,,,,,24--2011,,25601600,5.0,,,0.0,2011-05-24,40.0,150.0,389.0,2640.0,725.0,,,1856.0,464.0
413,1.1,1366768,630,12.0,,512,,26,2048,28.8,128,900,3,2100,,4.4,35026,5,,28,8,12--2014,,40962160,5.0,20.0,14,0.0,2014-08-12,28.0,26.0,77.0,950.0,630.0,,,435.2,27.2
414,,,-,11,,0,,75,2048,128,256,1000,5,5900,,4.1,400,19,,40,32,24--2011,,25601600,5.0,32.0,19,0.0,2011-05-24,40.0,75.0,389.0,2640.0,600.0,,,614.4,153.6
415,2.0,57601600,-,11.2,,1024,,235,16384,320,512,1250,5,9150,,4.2,,58,16-18-,28,64,01--2014,,40962160,5.0,176.0,158,0.0,2014-08-07,28.0,235.0,438.0,6200.0,900.0,,,5069.0,2534.0
416,1.0,25601600,900,12.0,,768,,225,12288,264,384,1375,5,9050,,4.4,,29,16-18-,28,32,01--2014,,40962160,5.0,112.0,101,0.0,2014-08-07,28.0,225.0,352.0,4313.0,900.0,,,3226.0,806.4
417,1.0,,900,12.0,,768,,225,6144,264,384,1375,5,9000,,4.4,,29,16-18-,28,32,01--2012,,40962160,5.0,112.0,101,0.0,2012-08-24,28.0,225.0,352.0,4313.0,900.0,,,3226.0,806.4
418,,,-,11.1,,0,,150,4096,153.6,256,1200,5,7000,,4.2,,,,,,01--2012,,40962160,5.0,,,0.0,2012-08-27,28.0,150.0,212.0,2800.0,950.0,,,2432.0,152.0
419,,19201080,-,11.2,,0,,274,3072,264,384,1375,5,700,,4.3,50040,27,,28,32,18--2014,,40962160,5.0,128.0,109,0.0,2014-01-18,28.0,274.0,352.0,4313.0,850.0,,,3482.0,870.4
420,,19201080,-,11.1,,0,,175,3072,240,384,1250,5,500,,4.2,50026,23,,28,32,18--2014,,40962160,5.0,96.0,70,0.0,2014-01-18,28.0,274.0,352.0,4313.0,725.0,,,2227.0,556.8
421,,1366768,-,11,,0,,75,1024,28.8,128,900,3,3900,,4.2,35020,5,,40,8,01--2012,,25601600,5.0,24.0,16,0.0,2012-02-07,40.0,50.0,118.0,716.0,650.0,,,624.0,
422,870,,-,11,,0,,225,4096,153.6,256,1200,5,9370,,4.0,,,,,,23--2010,,25601600,5.0,,,0.0,2010-06-23,40.0,225.0,334.0,2154.0,825.0,,,2640.0,528.0
423,1.0,,825,12.0,,768,,375,6144,240,384,1250,5,10000,,4.4,75046,53,,28,64,01--2012,,40962160,5.0,224.0,185,0.0,2012-11-12,28.0,375.0,352.0,4313.0,825.0,,,3405.0,851.2
424,770,1600900,-,10.1,,0,,160,2048,108.8,256,850,5,9270,,3.0,60042,12,,55,16,13--2008,,25601600,4.0,40.0,30,0.0,2008-11-13,55.0,160.0,256.0,956.0,750.0,,,1200.0,240.0
425,870,19201080,-,11,,0,,150,2048,128,256,1000,5,9350,,4.0,50040,22,,55,32,01--2010,,25601600,5.0,72.0,50,0.0,2010-06-01,40.0,150.0,334.0,2154.0,700.0,,,2016.0,403.2
426,670,1366768,-,10.1,,0,,105,2048,51.2,256,800,3,9170,,3.0,50033,13,,55,16,08--2007,,25601600,4.0,16.0,13,0.0,2007-11-08,55.0,105.0,192.0,666.0,800.0,,,512.0,102.4
427,770,1600900,-,10.1,,0,,150,1024,63.6,256,993,3,9250,,3.0,50033,10,,55,16,16--2008,,25601600,4.0,40.0,25,0.0,2008-06-16,55.0,150.0,256.0,956.0,625.0,,,1000.0,200.0
428,1.1,19201080,850,12.0,,512,,100,4096,153.6,256,1200,5,9290,,4.4,,29,,28,32,09--2014,,40962160,5.0,80.0,72,,2014-01-09,28.0,100.0,212.0,2800.0,850.0,,,2304.0,144.0
429,1.1,19201080,850,12.0,,512,,100,2048,153.6,256,1200,5,8970,,4.4,,29,,28,32,14--2013,,40962160,5.0,80.0,72,,2013-05-14,28.0,100.0,212.0,2800.0,850.0,,,2304.0,144.0
430,1.1,1600900,-,11.1,,256,,50,2048,72,128,1125,5,8870,,4.2,,12,,28,16,01--2013,,25601600,5.0,40.0,31,,2013-04-01,28.0,,123.0,1500.0,725.0,,,992.0,62.0
431,1.1,1600900,850,12.0,,256,,35,2048,64,128,1000,5,8790,,4.4,,7,,28,8,01--2013,,25601600,5.0,24.0,22,,2013-04-01,28.0,,77.0,950.0,850.0,,,691.2,43.2
432,1.1,1366768,-,11.1,,256,,35,2048,32,128,1000,3,8830,,4.2,,5,,28,8,01--2013,,25601600,5.0,24.0,15,,2013-04-01,28.0,,123.0,1500.0,575.0,,,800.0,50.0
433,1.1,1600900,775,12.0,,256,,20,2048,72,128,1125,5,8770,,4.4,,7,,28,8,01--2013,,25601600,5.0,24.0,20,,2013-04-01,28.0,,77.0,950.0,775.0,,,633.6,39.6
434,1.1,1366768,-,11.1,,256,,45,2048,32,128,1000,3,8850,,4.2,,12,,28,16,01--2013,,40962160,5.0,40.0,31,,2013-04-01,28.0,,123.0,1500.0,575.0,,,800.0,50.0
435,1.1,1600900,620,12.0,,256,,20,2048,64,128,1000,5,8750,,4.4,,6,,28,8,26--2013,,25601600,5.0,24.0,19,,2013-02-26,28.0,,77.0,950.0,620.0,,,595.2,37.2
436,1.1,1366768,775,12.0,,256,,,1024,36,64,1125,5,8690,,4.4,,7,,28,8,01--2013,,25601600,5.0,24.0,20,,2013-03-01,28.0,,56.0,690.0,775.0,,,528.0,33.0
437,1.1,1366768,650,12.0,,256,,15,1024,32,128,1000,3,8730,,4.4,,6,,28,8,01--2013,,40962160,5.0,24.0,17,,2013-04-01,28.0,,77.0,950.0,650.0,,,537.6,33.6
438,1.1,1366768,775,12.0,,256,,,1024,14.4,64,900,3,8670,,4.4,,7,,28,8,01--2013,,25601600,5.0,24.0,20,,2013-03-01,28.0,,77.0,950.0,775.0,,,633.6,
439,1.1,1366768,775,12.0,,256,,,1024,14.4,64,900,3,8670,,4.4,,7,,28,8,01--2013,,25601600,5.0,24.0,20,,2013-03-01,28.0,,56.0,690.0,925.0,,,624.0,39.0
440,1.1,,650,12.0,,256,,,1024,36,64,1125,5,8570,,4.4,,22,,28,32,01--2013,,25601600,5.0,24.0,17,,2013-03-01,28.0,,56.0,690.0,750.0,,,528.0,33.0
441,,1366768,-,11.1,,0,,,1024,14.4,64,900,3,8550,,4.3,,22,,28,32,01--2013,,25601600,5.0,24.0,17,,2014-07-13,28.0,,56.0,690.0,650.0,,,544.0,34.0
442,2,19201080,680,11.0,,512,,75,2048,115.2,256,900,5,6970,,4.3,,22,,40,32,04--2011,,1600900,5.0,48.0,33,,2011-01-04,40.0,75.0,212.0,1700.0,680.0,,,1306.0,
443,2,16801050,580,11.0,,512,,50,1024,115.2,256,900,5,6950,,4.3,,19,,40,32,04--2011,,25601600,5.0,48.0,28,,2011-01-04,40.0,50.0,212.0,1700.0,580.0,,,1114.0,
444,2,1600900,675,11.0,,256,,50,1024,25.6,128,800,3,6850,,4.3,,11,,40,16,04--2011,,25601600,5.0,40.0,27,,2011-01-04,40.0,50.0,166.0,1040.0,675.0,,,1080.0,
445,2,1366768,575,11.0,,256,,39,2048,25.6,128,800,3,6830,,4.3,,9,,40,16,04--2011,,25601600,5.0,40.0,23,,2011-01-04,40.0,39.0,166.0,1040.0,575.0,,,920.0,
446,2,1600900,675,11.0,,256,,50,1024,64,128,1000,5,6870,,4.3,,11,,40,16,04--2011,,25601600,5.0,40.0,27,,2011-01-04,40.0,50.0,166.0,1040.0,675.0,,,1080.0,
447,2,19201080,715,11.0,,512,,100,2048,115.2,256,900,5,6990,,4.3,,23,,40,32,12--2011,,25601600,5.0,56.0,40,,2011-07-12,40.0,100.0,212.0,1700.0,715.0,,,1602.0,
448,2,1440900,725,11.0,,256,,35,1024,51.2,128,800,5,6770,,4.3,,6,,40,8,04--2011,,25601600,5.0,24.0,17,,2011-01-04,40.0,35.0,104.0,716.0,725.0,,,696.0,
449,2,1366768,600,11.0,,256,,,1024,51.2,128,800,5,6750,,4.3,,5,,40,8,04--2011,,25601600,5.0,24.0,14,,2011-01-04,40.0,35.0,104.0,716.0,600.0,,,576.0,
450,2,1366768,600,11.0,,256,,,1024,25.6,128,800,3,6650,,4.3,,5,,40,8,04--2011,,25601600,5.0,24.0,14,,2011-01-04,40.0,,104.0,716.0,600.0,,,576.0,
451,2,1440900,650,11.0,,256,,30,1024,51.2,128,800,5,6570,,4.3,,5,,40,8,26--2010,,25601600,5.0,20.0,13,,2011-04-25,40.0,30.0,104.0,716.0,600.0,,,576.0,
452,2,1440900,650,11.0,,256,,30,1024,51.2,128,800,5,6570,,4.3,,5,,40,8,26--2010,,25601600,5.0,20.0,13,,2010-11-26,40.0,30.0,104.0,627.0,650.0,,,520.0,
453,2,1366768,725,11.0,,256,,39,1024,25.6,128,800,3,6730,,4.3,,6,,40,8,04--2011,,25601600,5.0,24.0,17,,2011-01-04,40.0,35.0,104.0,716.0,725.0,,,696.0,
454,2,1366768,485,11.0,,256,,26,1024,25.6,128,800,3,6630,,4.3,,4,,40,8,04--2011,,25601600,5.0,24.0,12,,2011-01-04,40.0,26.0,104.0,716.0,500.0,,,480.0,
455,2,1366768,600,11.0,,256,,26,1024,25.6,128,800,3,6550,,4.3,,5,,40,8,26--2010,,25601600,5.0,20.0,12,,2010-11-26,40.0,26.0,334.0,2154.0,600.0,,,480.0,
456,2,1366768,600,11.0,,256,,26,1024,25.6,128,800,3,6550,,4.3,,5,,40,8,26--2010,,25601600,5.0,20.0,12,,2010-11-26,40.0,26.0,104.0,627.0,600.0,,,480.0,
457,2,1024768,800,11.0,,128,,11,1024,12.8,64,800,3,6470,,4.3,,3,,40,4,04--2011,,25601600,5.0,8.0,6,,2011-01-04,40.0,25.0,67.0,370.0,700.0,,,224.0,
458,2,1366768,750,11.0,,128,,14,512,25.6,64,800,5,6490,,4.3,,3,,40,4,04--2011,,25601600,5.0,8.0,6,,2011-01-04,40.0,,67.0,370.0,800.0,,,256.0,
459,2,1366768,500,11.0,,256,,26,1024,25.6,128,800,3,6530,,4.3,,4,,40,8,26--2010,,25601600,5.0,20.0,10,,2010-11-26,40.0,26.0,104.0,627.0,450.0,,,360.0,
460,2,1024768,600,11.0,,128,,11,1024,12.8,64,800,3,6450,,4.3,,2,,40,4,04--2011,,25601600,5.0,8.0,5,,2011-01-04,40.0,,67.0,370.0,600.0,,,192.0,
461,2,1024768,750,11.0,,128,,11,1024,12.8,64,800,3,6370,,4.3,,3,,40,4,26--2010,,25601600,5.0,8.0,6,,2010-11-26,40.0,11.0,59.0,292.0,750.0,,,120.0,
462,2,1024768,500,11.0,,128,,7,1024,14.4,64,900,3,6350,,4.3,,2,,40,4,26--2010,,25601600,5.0,8.0,4,,2010-11-26,40.0,7.0,59.0,292.0,500.0,,,80.0,
463,2,1024768,480,11.0,,128,,11,1024,12.8,64,800,3,6430,,4.3,,2,,40,4,04--2011,,25601600,5.0,8.0,4,,2011-01-04,40.0,,67.0,370.0,480.0,,,153.6,
464,2,,500,11.0,,128,,7,1024,12.8,64,800,3,6330,,4.3,,2,,40,4,26--2010,,25601600,5.0,8.0,4,,2010-11-26,40.0,7.0,59.0,292.0,500.0,,,80.0,
465,,800600,-,11,,0,,9,,25.6,128,800,3,6290,,4.2,,2,,40,4,07--2011,,25601600,5.0,8.0,3,,2011-12-04,40.0,19.0,59.0,292.0,650.0,,,104.0,
466,,800600,-,11,,0,,9,,,128,,3,6250,,4.1,,1,,40,4,09--2010,,25601600,5.0,8.0,2,,2011-01-31,40.0,19.0,59.0,292.0,650.0,,,104.0,
467,1.0,1600900,675,12.0,,256,,40,2048,64,128,1000,5,7850,,4.4,,11,,28,16,24--2012,,25601600,5.0,40.0,27,,2012-04-24,28.0,40.0,123.0,1500.0,675.0,,,864.0,54.0
468,1.0,1600900,800,12.0,,256,,45,2048,64,128,1000,5,7870,,4.4,,13,,28,16,24--2012,,25601600,5.0,40.0,32,,2012-04-24,28.0,45.0,123.0,1500.0,800.0,,,1024.0,64.0
469,1.0,19201080,850,12.0,,512,,100,2048,153.6,256,1200,5,7970,,4.4,,27,,28,32,01--2012,,40962160,5.0,80.0,68,,2012-04-24,28.0,100.0,212.0,2800.0,850.0,,,2176.0,136.0
470,1.0,1366768,575,12.0,,256,,25,2048,28.8,128,900,3,7730,,4.4,,11,,28,16,23--2012,,25601600,5.0,32.0,22,,2012-04-24,28.0,25.0,123.0,1500.0,575.0,,,691.2,43.2
471,2,1366768,600,11.0,,256,,20,1024,28.8,128,900,3,7670,,4.3,,10,,40,16,07--2012,,25601600,5.0,24.0,14,,2012-02-17,40.0,20.0,104.0,716.0,600.0,,,576.0,
472,2,1366768,500,11.0,,256,,20,1024,28.8,128,900,3,7650,,4.3,,4,,40,8,07--2012,,25601600,5.0,24.0,12,,2012-01-07,40.0,20.0,104.0,716.0,450.0,,,432.0,
473,1.0,1600900,575,12.0,,256,,28,1024,64,128,1000,5,7750,,4.4,,9,,28,16,24--2012,,25601600,5.0,32.0,18,,2012-04-24,28.0,28.0,123.0,1500.0,575.0,,,588.8,36.8
474,1.0,1600900,675,12.0,,256,,32,1024,64,128,1000,5,7770,,4.4,,11,,28,16,24--2012,,25601600,5.0,32.0,22,,2012-04-24,28.0,32.0,123.0,1500.0,675.0,,,691.2,43.2
475,2,1366768,725,11.0,,256,,20,1024,28.8,128,900,3,7690,,4.3,,12,,40,16,25--2011,,25601600,5.0,24.0,17,,2011-12-25,40.0,20.0,104.0,716.0,725.0,,,696.0,
476,2,1366768,450,11.0,,256,,20,1024,25.6,128,800,3,7630,,4.3,,4,,40,8,07--2012,,25601600,5.0,24.0,11,,2012-01-07,40.0,20.0,104.0,716.0,450.0,,,432.0,
477,2,1366768,450,11.0,,256,,20,1024,25.6,128,800,3,7610,,4.3,,4,,40,8,07--2012,,25601600,5.0,20.0,9,,2012-01-07,40.0,20.0,104.0,716.0,450.0,,,360.0,
478,2,1366768,600,11.0,,256,,18,1024,25.6,64,800,5,7590,,4.3,,5,,40,8,07--2012,,25601600,5.0,24.0,14,,2012-01-07,40.0,18.0,104.0,716.0,600.0,,,576.0,
479,2,1366768,450,11.0,,256,,11,1024,12.8,64,800,3,7510,,4.3,,4,,40,8,07--2012,,25601600,5.0,20.0,9,,2012-01-07,40.0,11.0,104.0,716.0,450.0,,,360.0,
480,2,1366768,450,11.0,,256,,11,1024,14.4,64,900,3,7530,,4.3,,4,,40,8,07--2012,,25601600,5.0,20.0,9,,2012-01-07,40.0,11.0,104.0,716.0,450.0,,,360.0,
481,2,1366768,500,11.0,,256,,14,2048,14.4,64,900,3,7550,,4.3,,4,,40,8,07--2012,,25601600,5.0,24.0,12,,2012-01-07,40.0,14.0,104.0,716.0,500.0,,,480.0,
482,2,1366768,500,11.0,,256,,14,2048,14.4,64,900,3,7550,,4.3,,4,,40,8,07--2012,,25601600,5.0,24.0,12,,2012-01-07,40.0,14.0,104.0,716.0,450.0,,,440.0,
483,2,1366768,500,11.0,,256,,13,1024,25.6,64,800,5,7570,,4.3,,4,,40,8,07--2012,,25601600,5.0,24.0,12,,2012-01-07,40.0,13.0,104.0,716.0,500.0,,,480.0,
484,2,1280720,600,11.0,,128,,7,1024,14.4,64,900,3,7430,,4.3,,2,,40,4,07--2012,,25601600,5.0,8.0,5,,2012-01-07,40.0,7.0,67.0,370.0,600.0,,,192.0,
485,2,1280720,700,11.0,,128,,7,1024,14.4,64,900,3,7450,,4.3,,3,,40,4,07--2012,,25601600,5.0,8.0,6,,2012-01-07,40.0,7.0,67.0,370.0,700.0,,,224.0,
486,2,1366768,800,11.0,,128,,7,512,14.4,64,900,3,7470,,4.3,,3,,40,4,07--2012,,25601600,5.0,8.0,6,,2012-01-07,40.0,25.0,67.0,370.0,750.0,,,256.0,
487,2,1366768,800,11.0,,128,,9,1024,30.4,64,950,5,7490,,4.3,,3,,40,4,07--2012,,25601600,5.0,8.0,6,,2012-01-07,40.0,9.0,67.0,370.0,800.0,,,256.0,
488,2,1280720,750,11.0,,128,,11,1024,12.8,64,800,3,7370,,4.3,,3,,40,4,07--2012,,25601600,5.0,8.0,6,,2012-01-07,40.0,11.0,59.0,292.0,750.0,,,120.0,
489,2,1280720,500,11.0,,128,,7,1024,14.4,64,900,3,7350,,4.3,,2,,40,4,07--2012,,25601600,5.0,4.0,2,,2012-01-07,40.0,7.0,59.0,292.0,500.0,,,80.0,
490,2,1280720,500,11.0,,128,,5,1024,12.8,64,800,3,7330,,4.3,,2,,40,4,07--2012,,25601600,5.0,4.0,2,,2012-01-07,40.0,5.0,59.0,292.0,500.0,,,80.0,
491,1.1,19201080,-,11.2,,256,,50,2048,64,128,1000,5,9275,,4.3,,15,,28,16,09--2014,,40962160,5.0,40.0,37,,2014-01-28,28.0,,123.0,1500.0,900.0,,,1184.0,74.0
492,1.1,1600900,-,11.2,,256,,35,2048,64,128,1000,5,9265,,4.3,,10,,28,16,09--2014,,40962160,5.0,40.0,25,,2014-03-21,28.0,,123.0,1500.0,575.0,,,800.0,50.0
493,1.1,1600900,-,11.2,,256,,50,2048,64,128,1000,5,9270,,4.4,,12,,28,16,01--2014,,40962160,5.0,48.0,37,,2015-02-05,28.0,,160.0,2080.0,900.0,,,1536.0,96.0
494,1.1,1600900,-,11.2,,256,,50,2048,64,128,1000,5,9270,,4.4,,12,,28,16,01--2014,,40962160,5.0,48.0,37,,2014-03-21,28.0,,123.0,1500.0,725.0,,,992.0,
495,1.1,1600900,715,12.0,,256,,35,2048,64,128,1000,5,7260,,4.4,,6,,28,8,09--2014,,40962160,5.0,24.0,17,,2015-12-06,28.0,,77.0,950.0,620.0,,,549.1,
496,1.1,1366768,800,12.0,,256,,35,2048,32,128,1000,3,7265,,4.4,,7,,28,8,09--2014,,40962160,5.0,24.0,20,,2014-05-20,28.0,,125.0,1550.0,900.0,,,752.6,47.04
497,1.1,1366768,800,12.0,,256,,35,2048,32,128,1000,3,7265,,4.4,,7,,28,8,09--2014,,40962160,5.0,24.0,20,,2014-01-09,28.0,,77.0,950.0,725.0,,,633.6,
498,1.1,1366768,940,12.0,,256,,35,2048,16,64,1000,3,7260,,4.4,,8,,28,8,11--2014,,40962160,5.0,24.0,24,,2014-06-11,28.0,,125.0,1550.0,940.0,,,752.6,47.04
499,1.1,1366768,725,12.0,,256,,30,4096,32,128,1000,3,7270,,4.4,,7,,28,8,09--2014,,40962160,5.0,24.0,20,,2014-01-09,28.0,,77.0,950.0,725.0,,,633.6,
500,1.1,1366768,925,12.0,,256,,20,4096,16,64,1000,3,5255,,4.4,,8,,28,8,12--2014,,25601600,5.0,20.0,19,,2014-10-12,28.0,,125.0,1550.0,925.0,,,721.9,45.12
501,1.1,1366768,780,12.0,,256,,20,4096,16,64,1000,3,5230,,4.4,,7,,28,8,01--2014,,25601600,5.0,20.0,17,,2014-01-07,28.0,,56.0,690.0,780.0,,,547.2,34.2
502,1.1,1366768,780,12.0,,256,,20,4096,16,64,1000,3,5230,,4.4,,7,,28,8,01--2014,,25601600,5.0,20.0,17,,2014-01-07,28.0,,56.0,690.0,825.0,,,547.2,34.2
503,1.1,1366768,1000,12.0,,256,,,2048,16,64,1000,3,5240,,4.4,,8,,28,8,18--2014,,25601600,5.0,24.0,25,,2014-09-18,28.0,,56.0,690.0,1000.0,,,659.2,41.2
504,1.1,1366768,-,12,,0,,85,2048,86.4,192,1800,3,8365,,4.4,,18,,28,16,03--2015,,40962160,5.0,48.0,54,,2015-06-03,28.0,,125.0,1550.0,900.0,,,864.0,54.0
505,,,-,11,,0,,75,,115.2,256,900,5,8900,,4.1,,,,,,12--2011,,,5.0,,,,2011-04-12,40.0,75.0,212.0,1700.0,680.0,,,1306.0,
506,,,-,11,,0,,30,1024,57.6,128,900,5,5950,,4.1,,,,,,13--2011,,,5.0,,,,2011-01-04,40.0,35.0,104.0,716.0,725.0,,,696.0,
507,1.1,1600900,825,12.0,,256,,50,2048,72,128,1125,5,4170,,4.4,,7,,28,8,28--2014,,40962160,5.0,24.0,22,,2014-04-28,28.0,,77.0,950.0,825.0,,,691.2,43.2
508,1.1,1600900,825,12.0,,256,,50,2048,72,128,1125,5,4170,,4.4,,7,,28,8,28--2014,,40962160,5.0,24.0,22,,2015-04-23,28.0,,77.0,950.0,825.0,,,691.2,43.2
509,1.1,1600900,-,11.1,,512,,75,2048,72,128,1125,5,6100,,4.2,,18,,28,16,16--2013,,40962160,5.0,56.0,62,,2013-10-16,28.0,,160.0,2080.0,1075.0,,,1651.0,103.2
510,1.1,1600900,-,11.1,,256,,50,2048,72,128,1125,5,5100,,4.2,,12,,28,16,16--2013,,40962160,5.0,40.0,31,,2013-10-16,28.0,,123.0,1500.0,725.0,,,992.0,62.0
511,,,-,11.1,,0,,33,2048,64,128,1000,5,4000,,4.2,,10,,28,16,27--2012,,40962160,5.0,32.0,19,,2012-06-27,28.0,33.0,123.0,1500.0,675.0,,,691.2,43.2
512,,,-,11,,0,,20,,14.4,64,900,3,3900,,4.0,,,,,,13--2011,,,5.0,,,,2010-10-19,40.0,20.0,67.0,370.0,750.0,,,240.0,
513,,57601600,-,11.1,,0,,300,6144,480,768,1250,5,900,,4.3,,,,,,25--2013,,,5.0,,,0.0,2013-03-27,28.0,300.0,352.0,4313.0,825.0,,,3405.0,851.2
514,,19201080,-,11.1,,0,,225,6144,264,384,1375,5,700,,4.3,,,,,,25--2013,,,5.0,,,0.0,2013-03-27,28.0,225.0,352.0,4313.0,900.0,,,3226.0,806.4
515,1.1,38402160,1018,12.0,,10242,,500,8192,640,512,1250,5,92952,,4.4,85056,130,28-,28,642,29--2014,1499.0,40962160,5.0,176.0,358,0.0,2014-04-29,28.0,500.0,438.0,6200.0,1018.0,,,5733.0,716.7
516,,19201080,-,11.1,,0,,150,4096,153.6,256,1200,5,500,,4.3,,,,,,25--2013,,,5.0,,,0.0,2013-03-27,28.0,150.0,212.0,2800.0,950.0,,,2432.0,152.0
517,1.1,25601600,1050,12.0,,1024,,275,8192,384,512,1500,5,9390,,4.4,60042,67,16-18-,28,64,18--2015,429.0,40962160,5.0,176.0,185,0.0,2015-06-18,28.0,275.0,438.0,6200.0,1050.0,,,5914.0,739.2
518,1.1,25601440,1000,12.0,,1024,,275,8192,384,512,1500,5,9390,,4.4,60042,64,16-18-,28,64,18--2015,329.0,40962160,5.0,160.0,160,0.0,2015-06-18,28.0,275.0,438.0,6200.0,1000.0,,,5120.0,640.0
519,1.2,19201080,970,12.0,,768,,190,4096,182.4,256,1425,5,9380,,4.5,50033,31,26-,28,32,19--2015,229.0,40962160,5.0,128.0,124,0.0,2015-11-19,28.0,190.0,366.0,5000.0,970.0,,,3973.0,248.3
520,1.0,19201080,1000,12.0,,1024,,180,2048,179.2,256,1400,5,9370,,4.4,50033,34,26-,28,32,27--2015,199.0,40962160,5.0,80.0,84,0.0,2015-08-27,28.0,180.0,212.0,2800.0,980.0,,,2637.0,164.8
521,1.2,19201080,970,12.0,,768,,190,2048,176,256,1375,5,9380,,4.5,50033,31,26-,28,32,18--2015,199.0,40962160,5.0,112.0,109,0.0,2015-06-18,28.0,190.0,366.0,5000.0,970.0,,,3476.0,217.3
522,1.0,1600900,925,12.0,,1024,,110,2048,179.2,256,1400,5,7370,,4.4,50033,31,16-,28,32,18--2015,149.0,40962160,5.0,64.0,62,0.0,2015-06-18,28.0,110.0,212.0,2800.0,925.0,,,1997.0,124.8
523,1.1,1600900,1050,12.0,,512,,75,2048,96,128,1500,5,7360,,4.4,50030,17,16-,28,16,18--2015,109.0,40962160,5.0,48.0,50,0.0,2015-06-18,28.0,100.0,160.0,2080.0,1000.0,,,1613.0,100.8
524,1.1,25601440,1000,12.0,,1024,,290,4096,320,512,1250,5,9290,,4.4,75042,64,16-18-,28,64,24--2013,549.0,40962160,5.0,176.0,176,0.0,2013-10-24,28.0,290.0,438.0,6200.0,1000.0,,,5632.0,704.0
525,1.1,25601440,947,12.0,,1024,,275,4096,320,512,1250,5,9290,,4.4,75042,61,16-18-,28,64,05--2013,399.0,40962160,5.0,160.0,152,0.0,2013-11-05,28.0,275.0,438.0,6200.0,947.0,,,4849.0,606.1
526,1.0,19201080,850,12.0,,768,,250,3072,288,384,1500,5,9280,,4.4,75042,32,16-18-,28,32,08--2013,299.0,40962160,5.0,128.0,128,0.0,2013-10-08,28.0,250.0,352.0,4313.0,850.0,,,4096.0,1024.0
527,1.02,19201080,827,12.0,,768,,200,3072,240,384,1250,5,9280,,4.4,500,30,26-,28,32,04--2014,279.0,40962160,5.0,112.0,104,0.0,2014-03-04,28.0,200.0,352.0,4313.0,827.0,,,3344.0,836.0
528,1.1,19201080,1000,12.0,,512,,180,2048,179.2,256,1400,5,9270,,4.4,50034,34,26-,28,32,08--2013,199.0,40962160,5.0,80.0,84,0.0,2013-10-08,28.0,180.0,212.0,2800.0,1000.0,,,2688.0,168.0
529,1.1,19201080,900,12.0,,512,,150,2048,179.2,256,1400,5,9270,,4.4,50032,30,26-,28,32,13--2013,99.0,40962160,5.0,80.0,74,0.0,2013-11-13,28.0,150.0,212.0,2800.0,900.0,,,2368.0,148.0
530,1.0,19201080,900,12.0,,512,,150,2048,179.2,256,1400,5,7265,,4.4,50024,30,26-,28,32,13--2014,149.0,40962160,5.0,64.0,59,0.0,2014-02-13,28.0,150.0,212.0,2800.0,900.0,,,1894.0,118.4
531,1.1,1600900,1100,12.0,,512,,115,2048,104,128,1625,5,7260,,4.4,45030,18,16-,28,16,08--2013,139.0,40962160,5.0,56.0,62,0.0,2013-10-08,28.0,115.0,160.0,2080.0,1100.0,,,1971.0,123.2
532,1.1,1600900,1000,12.0,,512,,95,2048,96,128,1500,5,7260,,4.4,45030,16,16-,28,16,17--2013,109.0,40962160,5.0,48.0,48,0.0,2013-12-17,28.0,95.0,160.0,2080.0,1000.0,,,1536.0,96.0
533,1.0,1600900,800,12.0,,512,,55,1024,72,128,1125,5,7250,,4.4,40027,13,,28,16,20--2013,109.0,40962160,5.0,32.0,26,0.0,2013-12-20,28.0,55.0,123.0,1500.0,800.0,,,819.2,51.2
534,1.0,1600900,950,12.0,,512,,80,2048,72,128,1125,5,7250,,4.4,45020,15,16-,28,16,10--2014,99.0,40962160,5.0,40.0,38,0.0,2014-02-13,28.0,80.0,123.0,1500.0,950.0,,,1216.0,76.0
535,2-,1024768,625,11.0,,128,,19,1024,8.5,64,533,3,5230,,4.3,30022,3,,40,4,03--2014,,25601600,5.0,8.0,5,1.0,2014-04-03,40.0,19.0,67.0,370.0,625.0,,,200.0,
536,1.0,25601600,950,12.0,,7682,,375,6144,576,384,1500,5,7990,,4.4,75050,64,28-,28,322,23--2013,999.0,25601600,5.0,128.0,256,0.0,2013-04-24,28.0,375.0,365.0,4313.0,950.0,,,4096.0,1024.0
537,3,19201080,830,11.0,,5122,,375,4096,320,256,1250,5,6990,,4.3,75045,53,28-,40,322,08--2011,,25601600,5.0,96.0,159,0.0,2011-03-08,40.0,375.0,389.0,2640.0,830.0,,,2550.0,637.4
538,3,19201080,880,11.0,,512,,250,2048,176,256,1375,5,6970,,4.3,55037,28,16-18-,40,32,14--2010,369.0,25601600,5.0,96.0,84,0.0,2010-12-14,40.0,250.0,389.0,2640.0,880.0,,,2703.0,675.8
539,3,19201080,800,11.0,,512,,200,2048,160,256,1250,5,6950,,4.3,50030,26,,40,32,15--2010,,25601600,5.0,88.0,70,1.0,2010-12-14,40.0,200.0,389.0,2640.0,800.0,,,2253.0,563.2
540,2,19201080,900,11.0,,512,,151,1024,134.4,256,1050,5,6870,,4.3,50028,29,,40,32,22--2010,,25601600,5.0,56.0,50,1.0,2010-10-21,40.0,151.0,255.0,1700.0,900.0,,,2016.0,
541,2,16801050,775,11.0,,512,,127,1024,128,256,1000,5,6850,,4.3,50025,25,,40,32,22--2010,,25601600,5.0,48.0,37,1.0,2010-10-21,40.0,127.0,255.0,1700.0,775.0,,,1488.0,
542,2,1600900,840,11.0,,512,,150,1024,134.4,256,1050,5,6790,,4.3,50025,13,,40,16,04--2011,,25601600,5.0,40.0,34,0.0,2011-04-04,40.0,150.0,255.0,1700.0,840.0,,,1344.0,
543,2,1600900,850,11.0,,256,,108,1024,76.8,128,1200,5,6770,,4.3,45024,14,,40,16,21--2011,,25601600,5.0,40.0,34,1.0,2011-01-21,40.0,108.0,166.0,1040.0,850.0,,,1360.0,
544,2,1600900,700,11.0,,256,,86,1024,73.6,128,1150,5,6750,,4.3,45018,11,16-,40,16,21--2011,,25601600,5.0,36.0,25,0.0,2011-01-21,40.0,86.0,166.0,1040.0,700.0,,,1008.0,
545,2,1600900,800,11.0,,256,,66,1024,64,128,1000,5,6670,,4.3,40027,6,,40,8,19--2011,99.0,25601600,5.0,24.0,19,1.0,2011-04-19,40.0,66.0,118.0,716.0,800.0,,,768.0,
546,2,1024768,625,11.0,,128,,25,1024,8.5,64,533,3,6450,,4.3,30018,3,,40,4,07--2011,,25601600,5.0,8.0,5,0.0,2011-04-07,40.0,25.0,67.0,370.0,625.0,,,200.0,
547,2,1366768,625,11.0,,128,,18,512,25.6,64,800,5,6450,,4.3,30022,3,,40,4,07--2011,55.0,25601600,5.0,8.0,5,1.0,2011-04-07,40.0,18.0,67.0,370.0,625.0,,,200.0,
548,,1024768,650,11.0,,128,,19,512,12.8,64,800,3,6350,,4.3,25018,3,,40,4,07--2011,23.0,25601600,5.0,8.0,5,0.0,2011-02-07,40.0,19.0,59.0,292.0,650.0,,,104.0,
549,2,1600900,650,11.0,,256,,60,1024,64,128,1000,5,6570,,4.3,40027,5,,40,8,19--2011,,25601600,5.0,24.0,16,1.0,2011-02-07,40.0,44.0,104.0,716.0,650.0,,,624.0,
550,2,1600900,650,11.0,,256,,60,1024,64,128,1000,5,6570,,4.3,40027,5,,40,8,19--2011,,25601600,5.0,24.0,16,1.0,2011-04-19,40.0,60.0,118.0,716.0,650.0,,,624.0,
551,,1024768,650,11.0,,128,,19,1024,12.8,64,800,3,6290,,4.3,25018,3,,40,4,04--2011,,25601600,5.0,8.0,5,0.0,2011-12-04,40.0,19.0,59.0,292.0,650.0,,,104.0,
552,1.02,19201080,1000,12.0,,768,,250,3072,288,384,1500,5,7970,,4.4,50042,34,28-,28,32,22--2012,499.0,40962160,5.0,128.0,134,0.0,2012-06-22,28.0,300.0,352.0,4313.0,1000.0,,,4301.0,1075.0
553,1.0,19201080,925,12.0,,768,,250,3072,264,384,1375,5,7970,,4.4,60042,30,16-18-,28,32,29--2011,549.0,40962160,5.0,128.0,118,0.0,2011-12-22,28.0,250.0,352.0,4313.0,925.0,,,3789.0,947.2
554,1.0,19201080,800,12.0,,768,,200,3072,240,384,1250,5,7950,,4.4,50033,26,26-,28,32,31--2012,449.0,40962160,5.0,112.0,90,0.0,2012-01-31,28.0,200.0,352.0,4313.0,800.0,,,2867.0,716.8
555,1.0,19201080,925,12.0,,512,,185,2048,192,256,1500,5,7870,,4.4,500,30,26-,28,32,01--2012,270.0,40962160,5.0,96.0,89,0.0,2012-11-19,28.0,185.0,352.0,4313.0,925.0,,,2995.0,748.8
556,1.0,19201080,860,12.0,,512,,130,2048,153.6,256,1200,5,7850,,4.4,50020,28,26-,28,32,19--2012,249.0,40962160,5.0,64.0,55,0.0,2012-03-05,28.0,130.0,212.0,2800.0,860.0,,,1761.0,110.1
557,1.0,1600900,-,11.1,,512,,85,1024,96,128,1500,5,7790,,4.2,45030,16,16-,28,16,22--2013,149.0,25601600,5.0,56.0,56,0.0,2013-03-22,28.0,85.0,160.0,2080.0,1000.0,,,1792.0,112.0
558,,,-,11,,0,,33,1024,28.8,128,900,3,7650,,4.1,,5,,40,8,01--2012,,25601600,5.0,24.0,14,0.0,2012-01-05,40.0,33.0,118.0,716.0,600.0,,,576.0,
559,,,-,11,,0,,45,1024,64,128,1000,5,7670,,4.1,,5,,40,8,01--2012,,25601600,5.0,24.0,14,0.0,2012-01-05,40.0,45.0,118.0,716.0,600.0,,,576.0,
560,1.0,1600900,800,12.0,,512,,47,1024,72,128,1125,5,7730,,4.4,40029,6,,28,8,01--2013,59.0,40962160,5.0,24.0,19,0.0,2013-05-01,28.0,47.0,123.0,1500.0,800.0,,,614.4,38.4
561,2,1600900,650,11.0,,256,,60,1024,51.2,128,800,5,7570,,4.3,40029,5,,40,8,05--2012,,25601600,5.0,24.0,16,1.0,2012-01-05,40.0,60.0,118.0,716.0,650.0,,,624.0,
562,,,-,11,,0,,18,1024,12.8,64,800,3,7470,,4.1,,6,,40,8,01--2012,,25601600,5.0,20.0,16,0.0,2012-01-05,40.0,18.0,104.0,627.0,775.0,,,620.0,
563,,,-,11,,0,,18,1024,12.8,64,800,3,7470,,4.1,,6,,40,8,01--2012,,25601600,5.0,20.0,16,0.0,2012-01-05,40.0,25.0,67.0,370.0,625.0,,,200.0,
564,,,-,11,,0,,25,,12.8,64,800,3,7450,,4.1,,3,,40,4,01--2012,,25601600,5.0,8.0,5,0.0,2012-01-05,40.0,25.0,67.0,370.0,625.0,,,200.0,
